"x1","x2","x3","x4","x5","outcome"
-1.45160200795766,0.6857429022851,0,-0.74897702016074,-0.133983788107633,0.814277881001106
0.708100111681168,0.32652970230826,0,-0.660375372143738,0.734160542361003,-0.621749566013485
1.59309737680908,-1.42666117391517,0,-1.63014795977487,-1.91557656062771,-8.19935513471125
-0.83759552914268,-0.978435411471453,1,1.58064166063998,-0.48120430783395,-3.66439589373159
1.92947006141775,1.10435560582164,1,2.10051191960426,-0.108627372549004,-0.192144002002175
-1.23107043864314,-1.40320498821037,0,-0.0729680905349029,-0.36049271107549,-10.1024625700614
0.597779969194914,0.248819315097598,1,1.57659223852157,0.669614591680758,2.15507226153901
-2.27688719039356,0.318687550119989,1,2.08614108601291,3.08327711531746,2.79309503981741
-0.704776653636097,-0.386430934908753,0,-0.982901432026049,0.464186452584629,-2.98631912494726
-1.26259328429975,0.0715748169435913,1,0.957388524392653,0.637122577382713,2.05299555856222
0.0964227727228991,2.38974391201594,1,-0.165710391724821,1.52733382009476,5.68110387464947
-0.961895246970421,0.757319009139272,1,2.27982427331718,1.62666446502829,2.47710751398422
-0.315761766402552,0.266348915217719,0,-0.314809264873537,-0.659184298048041,-0.006087418773004
-0.00991059015111231,-0.34184809564475,0,-0.585332245662175,-0.557036833668909,1.21560999962704
0.884846297041548,-0.625123580881706,1,0.775718231868646,2.4028164521083,-0.952164687894234
0.705246566965102,-1.3058168427518,1,0.300594814420061,0.0271578048435054,-6.99663433695868
0.487294196341749,-0.367546950987663,0,0.0622850817766964,0.164332678985813,0.807614354337558
0.542293233405262,0.780022312769544,0,-0.296437745709866,0.52343745085557,-0.0365236224741988
0.742680722589046,-1.53765573684543,0,-1.44606358384975,-0.592202177090436,-9.1071193043161
-2.36155741551806,-0.238459983852739,0,-0.337768178392597,0.546896623895645,-3.00927498033667
1.37723948270627,-1.62569944784621,1,0.873791088058621,-1.56312980727015,-7.23736363756504
-0.602586614901689,0.00785913242624677,1,0.356871176594212,0.784923237161836,0.814893428513844
0.656548071490383,-0.474230259623504,0,-3.28400794257007,-1.35574654239647,-0.121962347092062
-0.157080243367898,-0.511773597944041,1,0.0117810071260844,-0.922403094968124,0.65994929044846
0.791356227001706,-1.18338424826409,1,1.90771406796363,0.236497848794798,-3.75668273427925
-1.0659004281004,0.251338543274237,1,0.382099201039895,0.844937893928257,1.11666280525085
-2.01820191436288,0.404253783764955,1,0.454701912347539,0.204915375240196,2.34836039537179
0.689317393322841,-0.392889625477817,0,0.0567885623571158,-0.295510460985953,3.8080478039726
1.57152904319005,0.859022904449916,1,0.987570987347879,-0.462063798081572,-2.46260669927741
-1.08309949638176,-0.0812012159463563,0,0.213453329971856,1.69438230615518,-1.88231209675677
-1.85825453637449,-2.53368231089249,1,1.19313118086759,0.785173066996077,-27.400813109589
-1.91248200777333,-2.54521813808535,0,-0.652713138406417,1.21506909137547,-31.9524574262203
0.301266133233032,-1.37996227605921,0,-1.82550783795623,0.637930543643096,-7.09162913925627
-0.0930838959030802,-2.0510790904768,1,2.87488341045586,-0.247316626197252,-16.6423762361205
-0.857783852444822,-1.54726169765189,0,-0.594658206923757,0.897650710639952,-11.4637829962532
-0.500976061801925,0.267989739927658,1,1.13142172936125,1.17076905648333,4.42352757792853
0.104672320040701,1.57477041666377,1,0.732676752276033,-2.03453860416428,3.25978941357556
0.157348461721546,1.79413625145401,1,0.378505717072537,0.813842306068946,3.88656954974948
-0.837327772701928,-0.217376424015712,0,-2.69062621194633,0.365415517146601,-0.160911753900832
-2.02597152467284,-0.424580545719113,1,0.786525174544347,0.389601727795102,0.878104587879038
-0.864327104655658,-0.471589793353631,1,1.36259464713727,1.23072904885563,5.56263217781198
-1.16731560206639,-1.03246953728073,1,2.391487774835,-0.400475967995329,-4.42750624528057
-0.168406861528897,-0.165107731214039,1,2.29989013259932,-0.830073802448852,0.427133389630326
0.952339700958304,-0.639318478359807,1,3.52346590041477,-0.513431024974926,-0.82748530170824
-0.293843584409899,1.31726934523167,1,1.97155867604633,1.04070352310056,4.10025888348048
1.55665624406213,0.407214881620913,1,0.500401041860121,1.13165843183857,2.26458909770062
0.0946151239884887,1.98880115724785,0,0.807566174889343,-0.198253888255855,2.01018255646153
-1.58501816946928,1.00196602825325,0,-1.10976901012955,1.0897580168366,-0.435697326215313
0.112504076253705,0.906444133980236,1,0.560569659437496,-1.38353474909616,-1.89438480513938
1.07808681570359,0.0960376797965961,1,1.01344323009997,-0.955252533874622,0.684600963478765
-0.445691282780957,0.538156000100527,0,0.249685865987521,-0.509839514920903,-0.282965856878264
0.487409333029194,2.01284444548101,1,1.20262914732788,-0.156587559407289,6.07996900457543
-1.05267076980687,0.0742679974089793,0,-1.63336451470242,0.737082936375157,2.66995030035494
1.0568553590833,-0.13583208324084,0,-1.95816778721776,-0.0565486377251899,-3.55708371480734
-1.2542429993948,0.504951206568782,1,2.33468155328325,-0.504299401580361,-1.01730044041331
0.960638921706789,-1.7465856454559,1,1.68040694028405,-2.21520441806556,-11.726433079568
-1.05413393902803,0.843458477294961,1,-0.132900891038933,0.659026067542624,1.35282151798448
-0.27983651362812,-2.20617554817751,0,-1.58901418512509,0.753541416630736,-20.8717915147452
1.26323978016265,0.0837588836971498,1,2.2626295902931,-0.00414947255002485,-0.0611338241183668
1.12120953615018,-0.120637306264033,1,0.471365841046863,0.00255504916843663,1.43946855374483
-0.926848787303066,-0.879697920238225,0,0.333459262742335,0.871854114902468,-0.155644297162564
0.76995383037145,0.539691580174303,0,-0.298804764115577,-0.00838567406818408,-0.823546787071308
0.290495477348077,-0.266410644904128,0,-1.22854875455862,1.4373598263779,2.64750261311892
0.101467407415541,0.62618098461393,0,-0.709991204449727,-1.198607339238,-1.55498701736155
1.19422114656568,-0.425217424923444,1,0.781364098165901,0.72109612618434,1.18496013694639
-1.8577336799652,1.78921125615175,1,0.680677523416252,1.58688392839638,3.10484392621169
-1.12746843211192,0.0591457151195495,1,-0.226488220215102,1.51782006701842,1.80947139877596
0.0544380194116509,0.0831029584804692,1,0.764952856080496,-1.44521405922426,0.691371900629334
0.747795208097487,0.337152508250193,1,1.31899756559084,0.598031018434645,3.76550563219213
0.803127702219863,0.104856033838773,0,0.379148165799794,0.0832738992625231,-0.811556489349591
0.268189289703466,0.322961497027794,1,2.70753004345443,1.44100680399844,0.430414094446929
-1.69161661622706,-1.99803885399769,0,0.607715465260794,1.88481584843863,-20.6573358824936
-0.897268668303441,0.397582765958337,0,-1.77871976222275,1.56078946458364,-0.110895035390624
-0.735570057174562,0.910300559848827,1,2.5857855796622,0.946775415279136,1.89539955980648
0.972637396235224,1.90090924646288,1,0.891947710013401,-1.27650034446272,2.28920848619864
-2.1348396930834,-0.439811231693268,1,2.00019859912435,1.36281381664019,-0.12303645260385
-0.104054242103799,0.675912069397282,1,2.17616339620887,1.27660062077206,-0.311185919032539
0.814757115058226,-1.33487971704209,1,2.56839814007073,-0.816930329531546,-7.7998662017051
-0.543642076826089,-0.1837545052776,1,0.415217231252622,1.06311465077653,5.04611651778288
-0.40301286590215,-1.25480317866401,1,1.49351001052775,-0.11061525527865,-6.25179357817443
-1.53660362290609,1.0683398023821,1,0.891832111217083,0.45863576863979,2.43516579340397
-0.77445397756372,-0.973191186514591,0,-0.843427957901655,0.430869870477098,-1.63973632034793
-0.802164694040956,-0.0832480373430549,1,0.113103961688644,1.84000739510743,3.35964630417408
-2.32413813544144,-1.37691951220843,1,1.55314742088211,1.31683843370855,-7.27181543833421
1.21185537537879,0.263231962293528,1,0.837356035428266,-0.618705340797324,1.42154427248564
-0.32646511465428,-0.613986378523855,1,1.29450887293518,-1.31662568272845,-0.205603025227744
1.2391670948045,-0.153172887194434,0,0.273011747589857,1.28891577508866,-0.89437796508928
-0.0665775224281009,-0.0235336750466712,1,1.03046347362891,0.582789948944015,2.38443397778616
1.13945478659902,-1.87759556436301,0,0.596751343995306,-2.40213536657457,-14.0604759936125
-1.00965806028479,0.582488372933343,1,1.0624544165154,0.741438639860889,-1.51084803874993
0.832656710569465,0.632548814800961,1,2.03182376316435,-0.094996845335074,3.86125444276739
-1.02166753696746,-0.489181939103752,0,-0.0871912290131238,0.174198249317674,1.67624085847116
0.680469154548583,-1.21134963551112,1,1.03105068901247,0.0409666607690611,-3.57415196319497
0.492903163736266,0.799465687047163,0,-0.812924903528046,-0.139826945591265,-2.33376788163241
0.540434113643206,-0.951752723003308,1,-0.598874899949825,1.00050426335668,-0.078912510303653
-0.966814752558529,1.9854491008965,0,-0.0472653941265566,1.02284861232516,-0.953497890743383
-0.833711989052266,-0.922371898507985,1,0.363135391560816,0.926689227132403,-3.46717493306568
-0.200003523568369,-0.0738255657596282,1,0.793051465413927,0.065957689974805,1.21547265342571
1.21825174847281,1.4680493578302,0,0.533067767916618,-1.25502016121653,1.37982435345016
-1.50195588635387,1.2005190888105,1,0.588961713639364,0.256815312687495,1.21717665716851
0.656750218944273,-1.90510656941017,0,-1.65062121916895,1.2813603845578,-16.503874750357
-0.770102650882065,-0.920968543780993,1,-0.089373600018188,0.722567250137875,-0.73232111803353
0.489077216433388,-0.626030503756143,1,2.4745755699342,-1.74545783172583,2.43821541813861
0.394824559150356,-0.687247566655823,1,1.70399494987697,-0.71468035171277,-0.892694975453518
0.0352467851051442,-1.09818953078075,0,-1.72965397013359,-0.961284085139513,-3.67633611240228
1.83041530296736,2.5609958540734,0,-1.16326543095387,-0.841726263789029,6.56918667377298
-0.840597379095422,0.732360697289635,0,-3.89090934658097,0.508508836652914,-0.0866628462812551
1.3280669678353,0.283726343194554,1,-0.583338270914956,-1.24984923262199,-0.0446741289062478
-1.52519109554562,-1.14500537776027,1,-0.587104356578496,0.933411132969035,-2.53083791204889
-0.465008553560575,-0.446212365574614,1,1.92295209195546,1.3507646071003,-0.442304627423192
-0.732729909009028,0.853406431617355,1,1.80634460153158,2.77395121111767,1.48891150681275
-1.26632844083062,0.0357147678026546,0,-0.754891682291871,-0.182130901037846,-0.0674113193770205
0.766258468933208,0.0965738733252277,0,-0.951775801039371,-2.40097198968995,1.54392238129265
-0.266032735181864,-1.47391008672378,1,0.965369626840928,-1.97389257874711,-7.94661252291021
1.38064545402549,-0.0156841912831047,1,2.07536986380585,-1.83547749802718,1.079773739425
-0.622725721710123,-0.69857680641343,1,0.992271719876751,-0.115303748090476,-1.74395642711612
-1.01657679525883,-0.940337099689946,0,-2.39725144266694,2.39362383072855,-6.72387025863859
2.37404801697176,-0.438111664521548,1,-0.0544626671584008,-1.13001733178045,0.33275741634478
0.237709174727228,-0.660441179132975,1,1.13826365487626,0.170947638814475,1.70839110664381
1.02355919812049,-1.64660285220563,1,1.03838689418624,-0.25390236373887,-9.04577179441006
0.427148263688291,-2.80985594031583,1,1.74402772990329,0.84917333001744,-40.3018136820441
-0.596814779904919,-0.177302258088072,1,1.69015089981597,-0.594603734034289,2.45287223349488
0.184451097615336,-0.766258447694084,1,1.6707512346612,0.635687910591017,2.19166011747132
-0.30939823092325,-0.47645441457761,1,2.7368817130828,-0.23179324328403,-0.192943395193373
-0.762293090971543,1.16861633177921,1,-0.865743177338508,1.00672554526663,1.02045388326902
0.220364030077345,-0.374087909323047,1,1.95861217395366,0.0973039800854519,-0.428224911482406
-1.21508527416177,1.74172270311138,0,-2.39366872378568,1.16854254316251,2.10015739459861
0.996498917682786,-0.748963445491613,1,1.04862847567739,1.20337724594807,0.0290585337096073
-0.176410848324239,-0.477035763221097,1,2.78408865039997,0.742591106368668,-1.11971873047204
0.260798922575266,0.706239024865861,1,1.21936886588356,-1.29200606845032,4.35700633647575
0.0945114388023892,0.0439891963229954,1,1.62316015636199,-0.542575381482465,1.19400095981354
-0.0949123818217414,-0.405927339441818,1,0.553908247006231,0.0783560926280165,-0.739225514970882
-1.14955092068388,-0.71751037584838,1,3.82824881622932,0.992196500062998,0.929719676171988
-0.241462311344983,0.113325322316998,0,-2.02875180101745,-0.258673250680245,-0.200778444491098
-1.53267894293919,-1.20894580234665,1,0.582271547942292,0.280829081089611,-5.75656948645081
0.52800800350142,-1.51096121363223,0,-0.745825563376836,-0.241859216484276,-8.34098058395624
-0.789971790813998,0.532625408992079,1,-0.160644630990387,1.85585004684941,1.52364054670913
1.78833859675972,0.305767751250218,1,0.953573155589542,-1.5897175782017,0.716523999851022
-0.755301165379663,-1.24816281456047,1,0.918017036549944,1.73009948653065,-4.29989415994481
0.725613891284212,-0.962422651532963,0,-1.98551474414917,0.553150587765638,-2.52642151473692
1.92183618360457,-0.213415782204605,0,-0.195003566552177,-0.0202404174826053,-0.108844032903745
0.325745230525461,-1.38103014030887,0,-1.91121849901921,2.81124274848759,-6.86874969476693
1.08360167722177,1.08547564210917,0,-1.77751497116146,-0.644956331343357,-0.612917543676497
0.0932623132425977,0.151669409662465,1,-0.0818583142318563,-1.5061912417686,4.47552107194513
-0.78467976292918,1.95563403107869,1,-0.37541273516867,1.15371433929413,1.74570303386888
-0.794785465088372,-0.688711059881454,0,-2.77633220710166,-0.339634968454758,-0.965206883719437
-1.64599795932068,0.381993540453085,1,0.422606805373342,1.03005802390867,2.35993662601158
1.18944616612506,0.297945589362574,0,-2.58728050989636,-0.267110692713336,1.62114018738469
-1.53600307661121,0.202555744580879,0,-0.611517040465691,2.80791949925778,-1.46467982149759
1.2293920845394,-0.966527277699646,0,-0.66840473562379,-0.160032012006353,-2.71593031158241
-1.21429072653886,0.4850377239788,0,0.994238984864442,0.354148846841114,-3.0080644871672
2.11048896241623,0.229724125673603,0,0.0471936574664424,-1.34101945017771,1.03208313886025
1.15654372358083,-1.41858240186922,0,-0.130801733413844,0.00800284001242102,-6.16642660071028
-0.0457626663426813,0.805405243039475,0,-1.35587872519078,-2.36358529808662,-0.0797905382848143
0.15337554232722,-1.38596613340221,1,1.43234624040549,0.7420279927306,-5.70677305107887
0.164180203735022,-0.555282413784659,1,1.65216617932038,0.243925579342551,-0.418982556391742
-0.288132711517541,-0.361148951371653,1,0.622707489588231,-1.37728676380246,-2.85941158175916
-0.434194937684063,0.394654046774494,1,2.13013824055329,0.428255573085648,0.160478094023436
-0.619409754241203,0.299883164699596,1,1.45215659065662,-0.937411960851489,3.8061718921714
0.356566461055693,-0.536745656359229,1,1.42863571585424,-0.142416178280345,0.992615044493861
-0.600460722859023,0.192819284204569,0,-1.86418997423955,-0.954839049604008,-1.84926880824022
0.0844510672859051,0.892031159079808,1,0.133735577331657,-0.444315084095516,0.347432038006075
0.580617126479966,0.42440848414957,1,2.06422281586284,1.23502321642361,4.38344457812968
-0.962991693239021,-0.407368862410502,1,0.577041648938187,1.11894972519484,1.13376186590238
-1.12983165816657,-0.100646021135045,1,2.01344963346287,0.703775417829259,0.433555199606221
-1.69322122562863,0.270009266731157,1,1.64734072177525,0.214252150269939,0.845391221014843
-1.72793195635164,0.0788326486524731,1,1.68871768767271,0.965339960040126,2.45677763924319
-0.830054453943915,0.786734150910666,1,2.82749298440369,1.33361325871002,2.62641066785506
-0.531037870784505,-1.54081360448116,0,-0.385161620757067,0.492720199062176,-10.8659080282777
0.495304660798143,1.45112586374892,1,2.03728801136972,-1.03872266564992,3.01260471403556
-1.43544625788663,-0.309144191131411,1,-1.34924433816414,0.569614197564173,2.46852698159084
0.130232427430254,0.0901437832909784,1,1.65811404408263,0.410299984644032,-0.310421211172528
0.373391502046875,-1.09940471755492,1,0.962584380708368,2.57122788485075,-3.82032577903587
-1.03129513024479,-0.566453151791915,0,-1.49663680469775,-1.4056402072784,-1.57816866755615
0.219123295933626,-0.0628923691585626,1,0.857079399445608,-1.02551614851407,-0.928613820017338
-0.381529562824069,-0.16107290122053,1,0.778881295335955,-0.235155372406542,4.42119990049253
-0.302963353756162,-1.75990163381266,0,-1.02906163764429,-0.299449384036263,-13.731252969608
1.26314872443484,0.0614182349390588,0,-1.11576782002173,-1.51849104345463,1.08688880026166
1.48441157544963,-0.539902635313902,0,-0.69787473946321,-2.43081492466527,-4.5312941920321
-0.529033722158056,0.632340115666877,1,2.20627793963195,-1.78307989039074,1.83209646974358
0.127283848941514,-0.488127126814445,0,-0.129365604829297,1.1827809919055,-1.74708445708966
0.0452391080254547,-1.81886125098641,1,0.420712035539803,-1.13525268240203,-13.3602111486362
-1.62655275097333,0.368477782700217,0,-0.595546733629034,1.92623425090372,-1.79020885183213
1.34646655853226,1.12481251420145,0,-0.939433943996675,0.914085711258332,1.33135538939146
-0.419830534668824,-0.895878659850155,0,-1.62135587907052,0.60224846873906,-1.32376975717018
0.742076137978829,-0.447829218267343,1,-1.94502634954675,0.500611974027831,2.4378302467431
1.74139327000139,0.632707780348019,1,2.1186763540515,-1.59031692099199,3.31088015624142
-0.0305988963289398,0.216404435980074,0,-2.3236230536829,-0.886728667020348,2.1181972238572
1.42539286844084,-1.62359352965327,0,-0.545861336009126,-0.465185306589619,-10.4176623773951
-0.330787833647559,-0.0175595440425487,1,-0.0737636759204021,0.0255698353223653,3.92595948689265
0.349720826177947,-0.722178467027876,0,0.3308078902274,1.96284178403578,-2.59359299853081
1.04915650242395,0.695493698241037,1,-0.810450525720935,-1.91644808435247,1.38920664040091
0.217728195363538,-0.00354692345094794,0,1.23964704149775,-0.0357006575668829,-0.258805563683851
1.74015822590126,-0.933133748365566,1,1.68565661781137,-0.491442864766082,-0.448394647853026
-0.697253342686605,0.0419192030714752,1,0.851951592776754,1.66407039957599,0.635234921931352
1.04940415711696,-0.407595453019706,0,-1.42440546865544,-0.621666922025492,-1.4171791720475
0.258624351988153,-0.411551756069456,0,-0.591889183241661,1.2098244320787,0.011925502715084
-0.205075184832177,0.512929476417331,1,3.31457781535716,-0.182726772740187,2.38782791713414
0.947088952265519,-0.305400706961189,1,1.61815869049902,1.15094770027211,2.58491039343806
-0.0783085667791841,-1.2800218373782,0,-2.805465787149,0.527268981281536,-7.27297962279046
0.191119952008275,1.78939185835921,0,-2.60177320138658,-0.787880398182257,0.324631427647925
0.651248283132552,-0.400086142408974,0,-0.514925940638639,-1.155837529053,-1.32125411186074
0.114207208538271,-0.179461709996188,1,0.391041780527552,-1.97966042407922,1.91767617866028
1.19883121426337,0.137976104576743,0,-2.18967352368895,-0.805093980212499,0.560179144635095
0.318984519953643,-0.498885460761661,0,0.541148389657117,0.571482917207056,-3.187181323743
-0.972045307550277,1.25699071676946,0,0.696369619399055,2.17233650378611,1.50406431619235
-0.782271764179084,-1.77064546347873,0,-3.6417567310822,1.60321768423283,-15.3220269276877
0.138470892908777,0.45357937113209,0,0.925003473253569,-0.273246212754233,0.479589086848163
0.879235591117764,-1.2446913932281,1,0.450872899145153,-0.641155970944841,-4.76308297547972
1.4981064755037,0.498041833733266,1,0.346333936278248,0.581963951686439,5.25300660519453
0.315876892290589,-0.30855548003451,1,1.65484650444932,-1.11301254772086,-0.514745082972333
-0.556531763508833,1.2464158643405,1,1.25830906282773,-0.353659248674537,0.634012429924067
-1.70143434699646,-0.531076311005895,1,0.335073516266393,2.27821058604621,-0.358818518508628
-0.645670584559215,-0.262768002744002,1,-0.0735711540842949,0.384277967122445,1.71428786514581
-0.209443181992071,-1.21307574264981,1,1.15555470495632,0.462857621451751,-8.7814555618357
0.616349000538898,0.0825299447119134,0,-0.732293616270822,0.285119470186842,0.115505744903057
-0.630889123747876,1.3350539159946,0,-1.88235022959559,1.14576368244441,-0.557080370674595
-0.491893067093213,-2.12112538282472,1,-0.2187827616764,1.97002632567434,-18.7200471812072
0.746560221976224,0.284272443720259,0,-0.0151585661475242,-0.373694902236014,2.87126905228237
1.80437856004681,-1.07695408358689,1,0.298954581552405,-1.40208948190183,-5.98192289098586
1.2173875806848,1.99602959686718,1,0.672111375834669,-0.24517732508588,4.46815560658954
0.398961157064869,-0.293954558903674,0,-3.88245113089411,-0.342166216974586,-0.445142173343413
-2.04074740975909,-0.584839430037772,1,0.461040576608688,1.24541310199905,-0.825351539512144
-1.6245975963627,-0.208469790290638,1,-0.665405725210105,1.27964601845144,1.11275480981517
1.03301544433519,-0.727891952807504,1,0.60583860704878,0.580084137075993,0.643428895813308
0.271119293708076,-1.18380296635135,0,-2.41117287054843,1.18918708885853,-5.06053198017882
0.864381091123555,0.346694702462282,1,1.10470081420042,-0.0018266975222756,2.49006605535118
-0.252300066162394,-2.62685229838459,0,0.784345035025044,-0.513609888425067,-33.7625901739124
2.62791958564236,0.723891651874472,1,0.397035213940931,-0.70592178533509,-0.803559445921097
-0.62578169095264,0.0223472037595291,1,1.13735476442361,-0.227147686144462,0.629274151330448
-1.05244736496756,2.18520284891621,0,-1.89127597812837,-1.0314596793065,2.04758133667546
-0.0402544669006304,0.342208967788483,1,1.12953139290373,-0.0883403723779987,2.3737801854702
1.73327443100953,0.248759208540075,0,-1.10226483065876,-0.323760041205169,-2.20943252997919
1.6812183539511,-0.313213036269191,1,0.610030389826934,-2.71426420851346,-0.123221440355542
1.32503328626888,1.31136167181616,0,-2.6491701238777,-1.71007328097643,-0.604880797533789
-0.492693307300184,3.28908302129142,0,-2.08997627241946,0.292462776839971,18.9925544008934
0.58806171770282,-0.0905394409954382,1,1.44724748215642,1.71856706502537,0.273335994473982
-2.01193499319417,-0.217952168741327,0,-0.323548102406544,1.98285508183047,-0.121635854947594
-2.64143432563364,2.48020223207821,1,0.0920474627681978,-0.259761929106902,5.72797048288321
-1.08053134670518,0.474757881541415,1,-0.0251326568020827,-0.151114850912531,0.855326525758298
-0.0112626127683993,-0.234172670504085,1,1.48317807119884,-1.12771530427722,1.99207036244466
-0.887316177132949,-0.389260238989037,1,1.5318663274722,0.362183155568143,0.492929457120679
0.393816177423597,0.820531695100587,0,-1.02975892794043,-0.430133336019383,0.10312500746055
-0.0262885289174976,0.413002991011434,1,0.381508503370866,0.883921340787238,-0.201399048987936
1.40517835912988,0.875129594840923,1,0.970519740308103,-0.530991246977415,1.519270076335
-0.715558166341068,0.199680367463385,1,1.76253880804979,0.606243313681359,0.533850766656471
0.837299610972627,1.23757838864884,1,1.64868770160797,-1.3432320924149,0.299762173582809
-2.87687291909602,1.69208063256442,0,-1.21093318398064,1.56395113877737,2.83606699568899
-0.569896206875389,-0.753330513120395,1,0.921589267382771,0.515073175321863,-2.16809036345196
0.856065336376587,-0.0167375993831799,0,-1.52795930816762,-0.584353959022256,0.15554334197107
1.06894645740113,1.73377980452815,1,-0.260350406961625,-0.0204195508567045,2.94685434453098
0.130348385172235,0.444502008584449,1,0.743180385663027,0.493889005371135,2.79883467435107
-0.677152969884785,0.97165108086653,1,1.71792005273751,0.446475524634516,1.42467920172964
0.79610411743725,1.48416323521436,1,0.258640812664926,-0.828759079594436,1.42734955912399
0.0781790249428844,-0.456140840128984,1,1.62643850797666,-0.00809542858698182,1.90158451746822
0.00147437881207649,-0.528602722872046,0,-1.15083141370487,0.531892868941482,0.582488943635953
0.588620846957323,1.11205653664349,1,0.653833035644053,-2.00790783189,2.09358506230292
0.320397991907508,0.425675328886071,0,0.378552454957014,-0.389781987683619,2.50075183033282
-0.175955329253434,0.742567355658243,1,1.99030268385635,0.143795743551222,5.04501293999852
-0.624219894629048,0.910659065729287,0,0.305388536891994,-0.637975663836767,0.542831451365966
1.18630427985774,-0.896349578638212,1,1.34217497672457,-1.58724183634159,-3.17516599181959
-0.658466360441065,-1.50176617573921,0,-2.09462982074858,0.560445384610981,-5.85029633631362
-0.260585433618871,-0.430404021146464,1,-0.152517720604714,1.04398547796138,0.0323228336495848
-0.300951058116307,-0.546444476096936,0,-1.82435928409653,0.167854627932612,-2.4205284430972
-0.871810895028185,-2.61821978304858,0,-0.337865628356924,0.662530255737562,-36.3259894916196
0.273225862785164,-1.08511729132137,1,0.978943195309714,-0.637249473210036,-5.80555202097031
0.766775057513962,-0.753674214035467,1,1.04584224276805,1.28146991913126,-1.63448359790919
0.846281855825361,0.514974035330393,0,0.0541897978726575,-0.572152312214407,1.66873754715606
-0.243589135668014,-1.23059008831304,0,0.564813099444963,0.165652026654749,-3.76960767187361
-0.7359605569295,-1.31553578090978,0,-1.42454707758971,-0.606771239579318,-7.13680334027984
1.10464586350916,-0.0750342075513795,0,-0.939453977443819,0.16974750115371,-0.46245471139918
1.38649444397882,1.11157665756657,0,-0.0150750859742992,-1.89116816771494,3.13653900401114
0.554613629827618,-0.0924354272781945,1,0.942090635892398,-0.529378983014102,0.319129140506413
1.36436022949029,-1.63296629210391,1,0.650718872841896,-0.682319740487653,-10.5844894299193
0.40138148187253,0.766033327385752,0,0.371809740828031,0.476383289079072,1.46005970418378
0.8124861696919,0.430513652502028,0,-0.714829345965946,-1.73362115829496,1.24663576640452
-1.2506313500347,1.01988397998168,1,2.07114364961538,1.36076782903024,2.85087982721164
0.736162066811896,-0.698016349259567,1,1.57843729061708,-1.20156000124273,-0.69373649993685
0.476981858844844,-1.21825356321643,0,-0.613190136665162,0.340802997625028,-5.81685031508293
-0.200629709087498,1.07785672832625,0,-0.533839945796518,1.66964585671892,0.975592441773954
-0.468766934085816,0.597262606433753,1,2.92392533195074,1.87471891587804,1.66073548748882
1.3277122282337,-0.85234343733066,0,-0.95492618326309,-1.59576594036333,-3.87641542626496
0.206908761421054,0.232294167350379,1,0.496118536440896,-1.2284318013814,4.06183024254229
-0.158567491557007,1.29125471267596,0,-2.8812763375919,0.465229414713773,0.347098026268256
-0.640518995610522,0.267154202399896,0,-1.43250830375878,0.830918758149416,0.976603148050198
0.787092118362458,1.62831207205167,0,-0.407508614878443,0.43873683602801,2.51433636640308
1.3208046639928,-0.0872089789865985,0,-1.18988088511635,0.209485139020107,0.673671773320912
-0.254003417286945,0.114575953904079,1,1.15061273873113,1.09227279039216,2.06227794185053
1.32663212167165,-0.141899100797633,1,1.3766435322563,-1.55403974018562,1.57332812771205
-0.557602298031383,-1.10116921995591,1,-0.849214972957788,-1.1929160250319,-2.41559816419249
-0.536576783825936,0.902604500147366,1,0.555480644171573,0.958099189641846,3.67660949226629
1.57871611340619,1.02642129144446,1,1.40671626676878,-1.14890910376258,2.66511753907112
0.700591027554302,-0.609084741135159,1,-0.234240650706252,-1.71786068689165,-0.354479111242645
-0.419556574067657,-0.8358622029204,1,1.33053901527344,-0.521741715084416,-1.86857866046151
1.13635430824693,0.686195484469922,1,0.974883795935247,-0.0500598411787291,1.53242616785359
0.752745403747242,-0.687110951682792,1,1.43671261350094,-0.173507428404502,-2.3917893139177
0.231337535574201,0.402079082452051,0,-1.42272900765991,-0.225184012026152,-0.221087626935342
-1.84533624890491,1.77880255974692,1,0.538389808973601,-0.722038477520331,1.3807478026326
0.7753830451604,-0.796731660037596,0,-0.403414723321806,0.452886328160596,-1.79673326958953
-1.85103100565812,-1.27925506509741,0,-0.493416054615604,1.51731807690654,-6.91482126720859
0.329590604594695,0.151448606227411,0,-2.10271037846437,-0.556095972933187,2.75293910007554
-0.799097040553176,0.217933713864901,1,1.03522184407768,0.450254845462486,0.0971959364919013
-1.38593077888525,0.60607613984687,1,1.66353591716198,0.104447488918897,-0.422345559579722
-0.295159200884336,0.124379421587142,1,1.52386286781386,-0.585076749227268,2.72852048918849
0.705426749259692,0.973428327550877,1,1.46197060459979,-0.833147402516752,3.39431172486147
-1.81288099807525,0.480996199483688,0,-3.61760675489687,0.268547415373226,0.135168008110353
-1.67067952199133,0.2092556424296,0,-0.56726926958573,-1.87255464867856,2.37282685143196
-0.00711178820778485,0.354237665840528,1,-0.0531930406668977,0.842175158633872,1.84439289139309
0.823290339027138,2.69262787488363,1,0.199274902642573,0.31117129294878,9.36270059579922
-0.25337137882881,0.934177939396054,0,-2.38177586838511,0.913037738316882,-1.79106431761336
0.300167611238581,-0.285750573660387,0,-0.238454464820514,-0.862518796489593,0.0942815955791727
-0.284493924089423,-0.246365108470878,0,-0.644127488936562,0.0697346926125281,-1.02802955236003
0.00119897879955079,-0.748184699911335,1,0.155282250162063,0.216565659966087,2.49624489441311
1.33104814657078,-0.387336832103253,1,1.9662719467228,-1.36359998779969,-0.890095244111604
0.985126919130073,-1.68810244380533,1,1.57297129349262,0.716631021798468,-8.87915645523693
-0.529349493111805,1.67940763038604,1,2.59242713451031,1.87012003793572,5.21307562498482
-1.35174355849637,1.62385504822841,0,-0.714344380902166,0.893409197046645,1.93688893186202
0.543322389904672,-0.776177932370835,1,0.98988131255703,-0.464290720835778,2.65270475237073
1.01209750293338,1.45118350996314,1,-0.345258362453924,1.1882964108191,-0.55737906850361
0.401283020901693,1.1067653298906,0,-1.05719604928511,-0.349658306956402,2.11854910030389
0.598224747221023,0.00603066412546711,1,1.34048793903599,-1.49000324788992,0.647771443492053
-0.507363859470399,0.61891814440355,1,0.440650522911699,0.764578532424601,0.654305209289871
-0.535250584880315,-0.50507766614982,1,2.44145235155394,0.0436745462627615,0.792144026682859
-0.409842747975204,-0.371320706677574,0,-0.727964321031678,0.906100782894369,0.530594476362393
-0.434030982312849,0.094468025171905,1,1.23367476280585,-0.094859352879628,2.21398146653961
-0.391467486850899,0.383078843488013,1,2.65899492465089,0.597439718547021,1.13045877745833
0.579482828193269,-0.586410161257932,0,-0.950503018637987,-0.799434813976649,-2.67079538488487
0.0752803724046996,1.09253245065912,1,-0.236006939777777,-1.2237654553572,0.78624106634878
0.995204595849566,1.14150406073924,1,2.65082591208366,-1.25372526458626,1.04783072034055
-0.0971009467658065,-0.304967845433172,1,1.04084576518781,-0.274376055481153,1.06286179053524
0.347662967729648,-2.60979354004859e-05,0,-0.114389322467611,-0.62077936507611,1.94695756839583
-0.242337336107915,0.928194478443604,1,-0.107349833453649,-1.03168348530452,-1.61506075421362
-0.0769371370569842,0.409704478764404,1,0.827298033326431,0.111615239870189,0.906516581415863
1.35455466300533,-0.0730183390364914,0,-1.122644340831,-1.61741701069142,0.424035214342514
0.946526730439291,0.538875237471371,1,1.32251423553069,-1.95171263498128,0.561247123128765
1.6387212452701,0.0453489408756205,1,-0.23930340666061,-1.71921133233855,1.91464825353915
2.19231952653165,-0.769741000338644,1,0.792428960812364,-1.33167868662541,-2.22799383484684
-0.0503963583176578,0.293638947226738,0,-2.1907387010298,1.46825880642483,-1.49853973432693
0.602826579812622,0.671808021848393,1,1.12624529110435,-0.126939187338396,0.911928639330675
-1.102381040281,-0.841977795946348,1,2.13231984123134,0.620318307649678,-3.76093714207567
-0.717863626539148,1.84788701119605,0,0.333403763726913,-0.114983291334425,0.0407550756854076
-0.815508001264447,0.54965455531115,0,-0.497065053212833,-0.9829606062552,1.87076108822634
0.736738421486333,0.456239769495754,1,1.39058759811086,-0.646134907357019,4.06274174250152
0.200708653626583,0.73286053964097,1,1.99362304024593,0.520810857193493,4.15552036961702
-1.05338935290362,0.998980431409835,1,0.940069332551297,-1.21915045305286,0.706913900669514
0.41922337400214,1.9095588212019,0,-2.37066959277419,1.18653443304539,1.68389295013989
0.997131137308824,0.470814610906025,1,-0.0793533314516333,0.780296816767457,2.8089908939387
-1.10418463243096,0.551245938011499,1,0.23065991608189,-0.36077950936856,1.37471550979394
-0.340434463703677,-0.0713233530306391,1,1.71140060237475,0.818286484543749,4.06474797188445
1.32366230357859,-1.28801858332401,0,-1.59087126823956,-1.4099458759371,-7.36272742963946
-0.551047955559253,1.04221628594753,0,-1.06970494498161,0.625124450115273,-1.01444457404195
1.64810671854884,0.81151820420662,0,-1.62849153481032,-0.358721616132117,0.683803882987942
0.761441922276596,-0.723585223862193,0,-0.0210503925623521,-1.94485962673866,-1.82879347203984
1.47691934020489,-0.0719727453492248,1,1.2921250833637,-0.289251707552584,2.67696764742264
0.107507606434808,-0.10804728137976,1,2.40351614728557,-1.60706451466999,0.95205308014853
1.04203746611217,-0.467777535769379,1,1.56996611828448,-2.22048270142655,3.49160832159064
-0.7808518824268,0.345134827112729,1,2.27232516426697,-0.919480035525286,3.65431078479059
0.768984641328542,0.742728091730532,1,0.315050841923758,-0.489845939881066,-0.510766346291469
-1.23568143826813,-1.28387368328443,1,1.73358463162052,1.13437399547372,-3.50415859437154
-0.454064338871597,0.0546553362826885,1,3.40118454908246,1.26152256103265,2.07094900744912
-0.171734016241271,-0.786127937223041,0,-0.394924867496749,1.27364185054634,-4.13029897364778
-2.66016902997622,-0.720296442028217,1,-0.701557190364684,2.77991218480683,1.23161197243111
-0.206745678977668,-0.993088175277697,1,0.61096532865663,-0.88301438891052,-4.65642809562676
-0.467480566847953,-2.64101028412685,1,0.486242064972433,0.0393098424392596,-34.0927649920484
0.458506307282435,-1.00211034370911,0,-1.86699028841924,0.137251308715516,-6.65508363854318
-0.420730445315895,-1.66167044893031,0,-1.85416661530514,0.246288997893567,-11.3613045573353
0.339147111334796,-0.50695365286861,1,0.0502725223259597,0.501769914993429,2.7070160401129
1.52992532205416,0.373842168881178,0,-1.36270950449729,-1.67605684117784,-0.820117860003792
-1.79703315131906,-0.326334798967519,1,1.67092007236635,0.800699187120598,0.018343443063093
0.129114452674911,1.16288635236388,1,0.786863604026046,-0.845363109362593,0.302137314252406
-0.0429152072558024,-0.237562884087407,1,0.24127129806842,-0.560321694176178,3.1191588362821
0.875881121204676,2.60402855117158,1,2.50684404672505,-1.36141363517294,9.33980689235865
0.36740826779322,0.163408332925459,0,-0.611949247373178,-1.28522211159782,-2.02063980053049
1.99990066419718,-0.278904378627611,1,-0.33213219743733,-0.962810858558907,1.49113239006114
-0.363442183874316,0.379107482015883,1,-0.00114367620437306,-0.799524825389457,3.6860602155962
-0.31697181682559,0.428784526217062,0,-3.75546229909921,0.943092806851993,-0.587108139119353
-1.83264316752882,0.100353796639556,0,-0.418796109530807,0.4716160131305,0.771718501831583
-1.12121265432006,-0.361686861420683,1,1.00871961997597,-0.0909048429487852,1.20023739575284
-1.0379942657019,-0.0108914253115876,1,0.0553702699086099,0.24846386763503,2.67134008029509
-0.751697467235323,2.08465118914979,1,2.06946404216182,-0.156970082382306,3.37738042590719
-0.596511215651841,-0.926210284190261,0,-1.13564051823413,-0.337608858308684,-3.60929668114324
0.19162063204627,-0.620292022441187,1,1.44905653155471,-0.182463849489665,-1.34201244204644
0.533553317322027,1.71821964617687,1,-1.03731110461361,-0.76014923892128,-0.451835002007918
-0.253495220869996,-1.25601719031019,0,-0.53038729091997,0.0945057457728745,-4.99854468969173
1.42406956518846,-1.39095088750695,0,-1.26276308028848,1.48809669458685,-9.47004608484756
0.0751413995789986,-0.375347173925567,1,-0.356354960406748,2.60661511016227,1.12354035434523
-0.42264907657651,0.885699920353324,1,2.547407299539,-0.749736652594503,1.84876012894759
-0.571719338744944,1.17310703216013,1,0.226078744625695,0.332323404252655,1.65497307693717
-2.33577260162226,-0.191844865024962,1,-0.560698357660725,0.991629937753594,-0.232164963724162
-0.985916916627477,0.62118757215991,1,2.31793066322183,-0.121330252414016,0.187662798933714
1.73894779578183,1.40666910690432,1,0.625463740365226,0.0836906833442619,3.52147269352706
-0.307478745815936,-0.920610277145492,1,0.56532430076945,0.956273801562738,-3.14992101448188
2.91207874097616,0.0221486262511835,1,0.769995873890301,-2.27072382861412,1.30040156307124
-0.308791854850338,-2.27824770993299,1,1.55648412496548,-0.987107316871601,-25.2684324149098
-1.05829118793657,-1.8445751057351,1,0.993752927430755,-0.385894064157195,-13.9925141080206
-0.013849964353351,-0.722244405715005,1,-0.317286684440399,-0.628798760319243,-0.381215519964579
-0.354187345299525,-0.446424593708066,1,2.9388755224433,0.122766707067826,2.72404908767711
0.329777421762823,-0.061159639114294,0,-0.517186455167224,-1.03518123902086,-1.37386775331547
0.707645862233487,-1.49885740111035,1,-0.141607667936359,-0.747888693691313,-7.79362086269113
0.178383711755798,0.0233476974725157,0,-1.64437551527299,-1.25605924109683,-0.372827346693052
1.92589614921366,-1.7652676337611,1,1.32029777155849,-1.62181709083456,-9.21753998794993
-0.541462220440577,-0.94548532476765,0,-0.89977909385208,-0.164613131023359,-4.67146992753195
-0.995686235854782,1.25657994395264,1,0.22358975029009,2.80265941997444,0.286310110266927
0.00447995316758923,-0.681599228631225,0,-1.9933220722176,-1.11491071844334,-1.47634403416892
0.203373647175146,0.514125503589166,1,0.449592003949484,-0.291885713794357,1.93096588518802
-0.844520109114153,-0.660543624595893,0,-0.624909782175253,1.57394136543194,-0.863195746172692
-0.257583602092244,0.886644136525117,1,0.640673486257224,-1.13744731545137,1.38044301482493
-0.266056505821486,0.535219921280972,0,-0.396046421545415,-0.331011141297543,2.47645926554521
-0.311090696128053,0.707102701051961,0,-1.78336319987079,0.770881259155987,-1.3395233021458
0.580999097046124,-1.43493499086571,1,0.234871421303352,0.54757255091404,-7.95071221945734
-0.651406922863201,0.692374027282703,1,1.10051679549218,-0.0564317381114972,1.27578334165059
-0.233865461977109,0.67543046452662,1,1.89583244072751,0.654572294990583,4.93763208275165
-0.247604522897587,1.63730943770635,1,1.95203615775133,-0.48763552410152,3.51972113137671
1.29154149206247,-0.326828511604767,1,-0.308130371025328,0.559497119169185,0.883017828618364
0.676608483547346,-0.419704987227686,1,1.01960249574883,-1.14541250095402,0.229623765210132
0.454261943441829,0.118986130929352,0,-0.0829240800994158,-0.193486191338768,2.77075700124788
-1.03839837238072,-0.208952865375762,1,1.90602664935248,-1.7855020780304,3.13805868638212
1.25725930850939,-0.239365478684232,1,-0.406888044958652,-1.17024783254093,1.1580563781947
-0.98523709918425,0.686739957842525,1,0.270603476793474,0.311878344207991,1.08279071138114
-0.654581480617838,1.61683407015385,0,-1.28830083129749,0.529590232979606,-0.0829350586691991
1.1439027951605,0.0580049959336965,1,0.13696076372809,1.26443413974914,1.80715303057959
0.140986046887765,-2.20888813156878,0,0.742593970613645,0.877114119264569,-25.1982987838598
-0.70193986190717,0.497240984120151,1,0.239237387929906,-1.67847331398236,2.81605534797364
-1.21385500224706,-0.206383707704878,1,0.98481490052408,-0.594922205854501,-1.63156350229997
1.49285648190005,-0.495680350860919,0,-0.326593199117553,-2.16004614344185,-0.273521255435808
1.21294547037732,-0.372490626744984,1,1.08039937275667,0.314591736162306,1.72019963484528
-0.402831019319815,0.808300083288041,1,-0.448653444733356,0.0153190034598853,1.54772390661688
-0.387977617659867,-1.50793503330311,0,-0.791449522622209,-0.519291392430958,-9.85255031643585
0.283630138757916,1.62014736694357,0,0.124919003019062,-1.04715211891395,2.65650454554589
0.706703478024165,-0.495795406024144,1,2.53594529246002,-0.866499828908566,0.828180985823876
-0.323610162438841,-0.292626040569103,0,0.0740336976158775,1.41861377720786,0.470168688125675
-1.74653557003169,0.45036428067503,1,1.77154483864612,-0.00030805498708053,4.65575673995578
0.76626792297628,-0.437443286550319,1,1.97116573932781,-0.862262506868197,-2.13110454103794
1.39980863314608,0.673617024449074,1,1.27858714855543,-1.52439209076111,1.28445582074264
0.0168523637744586,-0.304067454373302,0,0.031438863294081,-0.477536785979606,-1.55815581346285
0.90698961148536,-2.02555682826857,1,3.60201153687564,0.824969347612781,-17.8905895539335
1.87832418584394,-0.736771056240798,1,0.844035799668053,-1.61379647094491,-3.71382427443068
-1.01010481185936,-0.752729185142857,0,-0.808064838715082,-1.10906895500927,-1.93997942379491
1.94784050171271,-0.297261901999262,0,-0.252849725739189,-0.349920639054044,1.92976024907626
0.588322723074127,-1.70513351065048,0,-0.593374557230108,1.50746996289801,-11.68248856634
1.5461231737097,0.181501396888032,0,-0.345574099402058,-1.7879910805598,0.851665794615474
1.83313870980371,-2.05776793583314,1,-0.84650450320822,-1.67979454357415,-17.1023681839994
-0.319191406010577,1.10709340470209,1,0.525911567295399,-0.312176237212094,0.141067525473365
0.811971334651721,-0.889189153835931,0,0.0277943100429148,-2.02526820946763,-3.984932263964
-0.445232905301521,-0.175259955874947,1,1.97911040926461,-0.299762107043946,0.99890107864403
1.25129424185738,1.25760603692675,1,1.69697191387079,1.26139626146779,2.05716569842077
-1.54145532776024,-1.56135053850735,1,1.58361019070093,1.46198129728829,-8.07883199451404
0.906396673045978,1.08986687461151,1,0.770188539074946,-0.656369021175139,1.78675815933153
-2.22444633052947,1.447823729905,0,-0.888153267589982,2.94563085631995,0.757122486498393
-0.739469702690597,-0.10052130331911,1,0.810724643525898,-0.0873789312742751,-0.456589882599229
-0.203153402471545,-0.740315804188814,1,-0.200869242253993,1.16613563325374,-1.84420758430232
0.32732773389461,0.037919518342462,0,-1.71735924080038,-1.30525021328421,0.685112710620122
0.922773048079883,0.797336996316154,0,-1.92501403616151,-1.52053983740289,-0.306138412517971
0.402022999949387,-0.1899679874868,1,0.487871238115996,-2.4741910130526,2.7529299741713
-0.275549313784089,-1.00242753326193,0,-2.20122887501368,-0.3814427999092,-3.96570235144322
0.845022628612792,-3.11374230059627,1,2.26491522043143,-0.463994665176693,-51.1252684174479
2.16325551586009,0.750072440615257,0,-0.34987811738974,-1.6700746746918,-0.708541459965818
1.20356570399895,-1.41610735300729,0,-0.72378196389976,0.287403548730613,-6.6691336053546
-0.867017647535407,0.50785196573318,1,1.35325477080945,-1.11432680880578,1.88981076308303
-1.61789692387139,0.778987972693369,0,-0.18734377403792,0.159656088208654,-1.05125212083968
-1.64674690866616,2.1531211093342,0,-0.904944613918778,1.2563872002034,4.46430870894548
0.859697897623836,0.389801691603717,0,-0.79766471186185,-0.0187492284155473,-2.38592619805271
1.26995424662399,-0.106364493202218,0,-0.952000134499339,-1.60299843092447,-0.773444868029472
0.867477534592319,-0.110291411912506,0,-2.5438578698874,1.0011699830506,-2.80892587158471
-0.0506309868729738,1.61798794393318,1,-0.595784871999295,0.425479506042775,3.69915377650766
-1.19298586623262,-0.759726148242723,1,0.899763926865877,1.81129029432432,1.31820526378592
0.684340567657815,-0.830411404780018,1,1.47164401950854,1.31308970741752,-2.09299267198217
0.065048482255772,-0.422594032318577,1,0.0752714813353453,-0.39149908852679,3.33038634849582
-0.19612589173394,-0.0646959438970793,0,-0.653736230869663,-1.32595088570242,1.68156998297624
-0.651070821346439,-1.3787800132481,0,-2.85780991306481,-0.504433928343918,-3.83250126719996
-0.16335764488164,-0.453718387133314,0,-0.715344158943675,-0.771444683179816,-0.259169802933598
0.217454963783418,-0.856974535791868,0,0.202193501567072,1.43775042568996,-5.26848986804818
1.52464274577045,0.123846626081465,0,-1.79125127851446,-2.21159538479724,-3.20805235434189
-1.16298475181177,-0.149290683342485,1,0.759625448577773,-0.0140577991425574,2.8643583289944
-0.765017027878865,1.05093206020088,0,-0.851632925915583,-0.671194475416744,0.172060840760345
3.03715416721262,-0.856175745914877,0,-0.654172642938514,-1.52541553114527,-3.23388025084013
0.512176149048637,0.919466106573439,1,0.274972403905331,0.885602675761995,0.901314539924329
0.425614555404168,-2.30999967332299,1,0.647397075112378,0.884810056011767,-21.2648527385707
0.504286132622847,-2.7095218904732,1,0.525512981194628,-1.61294973956061,-35.5373926383599
-0.462939353266468,-0.15114836468927,0,-3.17254765238083,-0.169131262440443,0.100036503858729
0.414894457761796,0.179104539138228,0,0.053380565525027,-0.120453742902796,-1.18238947223651
-0.329146706247627,-0.200552082332476,1,2.38240505945151,0.202012554043794,0.856436412075763
0.448461117115167,0.149906291783727,0,-0.434055176074991,0.29993184294072,0.380265822813288
-0.301038106991667,-0.674627352650516,0,-0.862128075407364,0.127203270308326,-1.76464923017093
-1.25429468600746,1.30574151500842,0,-0.30128849373785,1.48500567547781,0.0226393247561728
-0.308069067744314,-0.302157554502841,0,-1.41177550609945,-0.0386057223186203,4.10879711915303
-1.63943099390042,-0.60835755635427,0,-0.7441080697076,0.294378403473088,-2.18063193855035
0.780000863638592,1.13929877825059,1,1.18766373769164,-0.580656913319572,2.10845833380328
1.14019323420432,-0.9673679389076,1,1.2147349790736,0.142223073195452,0.206911161073362
-1.04583084782684,0.79785211794996,1,1.31377414576864,1.91649876132385,2.32526875056552
-0.231241909683012,-1.01340238804657,0,-2.03908546746586,0.145136425982912,-1.46276274880109
-1.63730246261065,-0.0104000127085634,1,1.88844949743966,1.45644147069556,3.03842688923738
0.386247588706473,-0.105093113341001,1,-0.326065066957453,0.0677581927147403,2.52784669435775
0.200343578894026,-1.39447240333977,0,-2.00037146742175,-1.44469935261549,-7.69868637156269
-0.651462706012606,0.462295137442377,0,-1.39272886533397,0.614669494952285,-2.08306448711656
-0.389722976380478,0.50928000598644,0,-2.19798462872392,-0.215821270695618,-0.549263497647958
-0.579171948089527,-0.50034777266819,1,0.244259592729343,1.38550656786535,1.33398283033436
-0.176606982883728,-2.67411575304199,1,2.07067355049707,-1.14536193729359,-35.8915168135252
-0.179892539842178,-2.31273975845226,1,0.831643601707317,-0.881446942300887,-25.2947326803228
-0.392788751278455,-1.98932940196476,1,1.61314669082733,-0.155421122741101,-16.6776250033853
-1.24835271789092,-1.37487836585242,1,0.906840611708299,1.27500447574756,-6.33389853263195
-0.202957421439162,0.237812036859806,0,-1.44856315201228,-0.0496432512966886,-1.49204461446258
0.810785752744931,-0.390686140463718,0,-1.32278013996361,-2.2594136830882,-1.96981913184157
0.119406674845506,-1.08506331553423,1,-0.0229379572578139,-0.693169874634025,-5.06061007105294
0.418891508279946,-0.861122549346387,0,-1.21327656016958,-0.513574653686567,-2.80870899798456
-0.503568624948739,2.64064370654885,0,0.870270202624386,0.825238950079923,8.86070902545144
0.621999607562791,-2.06856136576999,1,0.78826757306174,0.91178573146397,-20.3223552365696
0.48527180725718,-0.804285566838816,1,-0.326777236100016,-0.444025565861653,-1.24544412869234
-2.65723796784167,1.49993502070157,0,-2.9985317255959,1.43735853716812,0.993091117466375
0.956266276710515,-2.43932341895805,1,-0.771149207685011,1.21373475099883,-27.1919900583839
-0.916416114052892,2.06552381506172,1,2.54820813322162,0.0919064395664888,0.961572561672907
1.31602676938953,0.318952332662429,1,1.43192635950713,-2.66918435584148,1.57831587618978
1.39365394834982,0.974393243377034,1,-0.36083366625403,-0.129404036569397,3.24634276122271
-2.15295543873539,0.906229905360417,1,1.77338005030799,0.683762266849769,-1.2799227671422
0.297231684728732,-0.931425214143949,0,-0.614193696930885,-0.863301267735296,-5.97810177891366
0.388061769122368,1.27659964161015,0,-1.72200750292642,-0.977174294327627,-0.804391225543834
-2.83497440697983,-0.676036466109528,1,0.976347838836786,1.55257789450968,-2.72809875614935
1.38337049462844,1.88279591164247,1,1.42362695288647,-1.35599993672119,3.66057873700872
0.487427244064737,1.26649608502318,1,0.777600537561009,0.806809607587864,2.00617799492948
1.01009577778037,-0.979994667932071,0,-0.619023419169018,-0.674457230209783,-5.34289855771322
0.251058576141103,0.603173403192266,1,1.7200499932616,-0.102824592154926,0.191609995178931
-0.414409773623045,-0.26645894005115,1,-0.0331580937729885,0.861343684491431,3.99521635813428
1.07402439858658,-0.720537108813259,0,-1.93029514433872,1.04648671778863,-1.70333128234418
-0.557193360079451,-0.660058242464582,1,-0.895124465598901,1.38910573548268,1.94571435555818
0.104673054599856,-1.32503524035852,1,0.361728964509908,-0.339831295021104,-3.54216128328172
0.912303180858881,-0.279777249483989,0,0.527573605650484,-0.287281256394631,-0.811961087457918
-0.296247875137203,-0.295184979330039,1,-1.3343461213885,0.105206275367317,2.2508408499559
-0.00847987287029392,1.03649227224825,0,-1.47164159127383,-0.17945719487099,1.45693729801734
-1.87560513934112,0.328095963485034,1,-1.10588585717619,1.95145945191966,2.24290415993115
0.655100454233826,0.00993523307133624,1,0.808906411506673,0.469991687948813,0.976060914380303
0.58512177213955,-0.042104847305834,1,1.3423851079149,-0.372774117899254,2.19266716872792
-0.23843745074522,-1.90302502251017,0,-2.65109095003913,-0.108112180123308,-16.2870464467825
-1.67612311897108,-0.189230310018981,0,-0.936713680227517,0.459808519258774,0.243094585419993
-0.160562746030293,-0.691862428187784,0,-0.595951637565008,-0.341564198110486,-1.10414305423732
-0.53348377981609,-0.736552299184894,1,0.524511485465917,-0.658238471110133,-2.66816148067752
-1.29607884635508,-1.18440837613642,1,2.1692863119232,0.95886312044645,-2.01370719230809
-1.23333311596277,0.853973707009025,1,0.684527460815674,0.169373019333461,2.1908633201294
-0.391938339168372,0.920295393313866,0,-1.22317312852404,-0.809512879277181,1.08979456040988
2.36887880886691,0.0241846086924979,0,-0.201101612003869,-0.504875699918011,1.25216200373021
-0.613217773185165,-0.205883622993491,0,-1.94047040487303,0.563271674562914,0.480398780112564
0.38260412780759,-0.224570542225887,1,2.68012668503629,0.704049157236953,1.12151378721715
0.472937072987807,0.128936108398011,0,-1.86968050371307,0.257380679796581,0.124956952658757
-1.58658237859452,-0.250497246499215,1,-1.65595073266789,0.638519877854943,1.18744182041673
0.187020425371295,-0.404088892091812,0,-1.14180679742091,0.928066809540912,1.03341480273407
-0.57458559917911,0.638881412887272,1,1.7176365217418,2.60181481384517,4.07766216946123
0.468385552012497,1.17424630162454,0,-1.58924190588069,-0.064564519895354,-1.13383470879026
0.486395814949642,0.362259257841027,1,2.25018568822855,0.432153245407679,3.77405319853861
1.31994504970955,-0.788908305939597,0,-1.36816244986275,-1.33994316246279,-2.43156553411475
-0.00015838366800802,-1.07680380239318,1,1.02853088059807,0.715875749185312,-2.70635470659993
0.797139667509055,-0.709390478015328,1,2.82067200091957,-1.46284963362585,-1.78005475806893
0.242813055578761,-1.08201548157041,1,2.65544939367672,-0.0603949714196545,-2.11362285231817
0.0755524990891965,-1.30721662097144,1,0.112182784228263,-2.24597704572619,-4.40833357033852
1.16905931984762,-0.733313341578796,1,1.47753096986306,0.638308569384122,1.36603018533549
1.36994805549545,-0.604971476687398,0,-0.221010914329798,-1.82923378052699,1.21142897526993
0.718245480985388,-0.733396656514335,1,0.455128916637842,-0.926942022944762,0.139798868778394
-0.210563111690275,-0.660471925964538,0,-0.53163601769077,-0.795230863096418,-2.87270447686401
0.618375437868562,-0.938910087893029,1,1.28943426177236,-0.0935911613517305,-3.08021823053194
-0.100170650890185,0.046477039877652,1,0.917728516862023,1.02604064794945,1.06994047830277
2.66394069824784,-0.656719412887223,1,0.708514632869871,-2.12973204605477,-1.39401290310168
2.89182291909182,-0.227632981398316,1,0.170978526417122,-0.378994819888306,1.32276450691549
-1.16380857470734,-0.722004447896878,1,0.407889462044294,0.707545118946429,0.114766320222671
0.633526236081985,-0.47768263095688,1,1.22981885272865,-0.497052860145316,-1.49485438037983
1.41319355378615,-1.18377631547662,1,-0.540225985193507,-0.731920503051529,-3.32646026374216
0.414350968559482,-1.44099799500097,0,-2.05783845625607,-0.92778034897713,-7.78240614764707
1.19437620538053,2.32307376345864,1,-0.674717175298102,-0.352311344988706,5.56465593391229
1.02097520361122,0.077797465667466,0,-0.375262256924346,0.196993436228756,-0.33540340657648
1.78350962831801,-1.53303345960104,1,0.854414240796198,-2.2173111718907,-8.42917304101461
0.886500031970697,0.11514828242761,0,-1.87705963454816,-0.621969356423372,1.72742423984848
0.298085568370215,0.476268015444193,0,-0.747420238020564,1.60750677847052,-1.26731966374943
-0.981156783924426,-0.198094840865961,1,1.12578559667153,0.38804540369258,4.89386029762281
0.192763136606376,-0.376132088536426,0,0.144497530140183,-0.248290854977244,1.0382334116757
-1.29600285692486,1.66222642998028,1,1.40086136406126,1.01341078206334,1.62610839180193
0.473786938419429,-0.0316640611770278,0,-2.15387936578977,-0.498887159766011,0.691174387211975
-0.404666382985926,-1.23010152359482,0,-1.54215751962043,0.0500463583366642,-7.65772965066186
-1.08482827627306,0.734228921459331,1,1.95540074645254,1.06956103697348,-0.262743065500194
0.518114485991224,1.04280218408582,0,-0.756479700739324,-0.497951777573713,0.0599216100438053
-0.914920214190086,-0.157201673296152,0,0.620555654176702,0.560821493634172,1.57742383480237
-0.212060533613063,-0.217699855809246,1,-0.336786659420805,0.145743613458537,0.220834045679219
-0.621208368593812,-0.0420690945615554,0,-1.56776854048563,1.62653821470098,1.65051835044611
0.816862666002631,-0.440437352705946,1,1.97833780236098,-2.14924096852768,1.04879014071725
1.43283064539677,-2.331722534428,1,1.10651343221906,0.150819015203483,-28.2867991725702
-0.283437811488689,-0.662098070004284,1,0.47194547046553,-0.0937537477926411,2.79471036977477
-1.66369164233476,-1.45964587668676,1,2.49915642547208,2.14804661628681,-6.07061390688444
0.643132983979389,0.254881852578368,0,-0.617879893415881,-1.97791501759403,1.1509654118468
-1.1195993592228,1.36143555141336,1,0.997934071395589,-1.16855274589271,2.44221199980486
-1.0843162153771,0.66912775586197,0,0.256006860171405,0.0668140690341712,0.193872594456587
-1.79040596327622,-1.32043569703876,0,-1.78603452269615,0.270954443802664,-7.16616939618497
-2.18600802378899,-0.467425393832259,1,2.14476121282518,-1.46978917856851,-1.84291435111239
1.60631288601908,0.352282858749683,1,1.05131866933715,-1.77070488425158,-0.655552981351931
-1.84853960542773,2.20497477569264,0,-2.16979308786294,-0.8484649245978,3.97002368986507
-1.90322393565399,0.51704151242531,0,-0.402513166272031,0.688060152223254,-0.859423858628218
0.570015102931477,-1.15484598386716,1,3.09270330415968,0.362835877917657,-4.6967751266097
-0.448010983068844,1.01887550522921,1,0.454201039461188,-1.33109689431191,2.64730813404257
1.53004773416833,-0.299780747020005,0,-2.65602085648569,-2.26313551071115,1.77465461755507
-0.313008866511199,0.980261708700009,0,-1.95880195850719,1.43545144862713,-0.717952547382918
0.980112639223267,0.618727976339176,0,-0.621352548329683,-0.521171836264438,1.65193932299669
1.02597266283239,-0.0230345105298839,1,0.618803974736504,-0.383578757214761,2.69730749069605
-0.635560452764039,0.678776287304749,1,0.936231117043147,0.860088819580704,1.85054145223105
-0.815126439723966,-0.42767683760399,1,-0.455858175201206,0.834124592905634,-0.238411595331913
1.31691677795245,-1.71995279583907,1,0.932411194701473,-1.43427719573345,-11.8827478144694
-1.72307088127538,1.06856676188471,0,-2.63123469833502,1.13000721207052,-1.93933257706132
-1.73292297074106,0.23718375643225,0,-0.35397616557971,1.09503758595776,0.39476708986896
-0.148711480935003,0.291033417381653,1,0.512494540143528,-0.537651581593491,2.70009172874261
-0.795649284531079,-0.114377350314667,1,1.32463494510873,0.2880991648654,1.10314220367308
0.61314714618267,0.432629485924427,1,0.835327224546623,-1.23328018103664,1.28302802535638
-0.984904257783569,-0.624868767330325,0,-3.23608455352943,0.375763694473082,0.16401716515643
-2.42501647186039,0.851586062162899,0,2.18427666460369,0.0333563123563259,-1.09610615340355
1.20878248809099,-1.24868613722119,1,-0.368853326648808,-0.542774394636138,-6.7910804749009
-0.22746942991062,-0.174535980195725,1,0.471361476457756,0.561035068132463,1.11370736536596
-0.293797576312357,-1.8611207512134,1,-0.528428652896765,0.726277722495863,-14.2853130521431
-0.306326431676773,-0.747596497650172,1,0.00312673355613091,-0.64459590338996,2.2144027586583
0.556395027349598,-0.304330733999135,0,-0.496294102437735,-0.38749801685539,-0.415042673624791
0.930176097314898,-1.87108205744184,1,1.34662839667901,0.161906717498773,-12.6574705709826
0.886376653674694,0.0304205883712085,1,2.18915716041098,-0.0273597597290305,2.51188083755835
-0.109646012954005,-1.50767511137672,0,-0.303061185123969,0.474855211382417,-9.98211709704047
0.839974862500417,-0.0292564319894379,1,1.93850327135822,-0.0954803629053081,-0.925462202403725
-0.30216563460036,2.05663914369141,1,3.17070917258813,-0.127951561629914,4.63564464337515
0.862003424132649,0.871617701668978,0,-0.925705476864131,-1.56005591723424,0.229848684079752
1.48914277945117,-0.963666961548154,0,-1.46409422953872,-0.698716135891144,-6.27389215120466
-0.518149539653021,-0.0781605826599623,0,-0.758465608117818,0.168920337899368,1.44319894936985
-0.488422961911736,-1.24715282866264,1,1.02239799312118,0.630951265690501,-3.26413010499868
-0.608529029403035,-1.0954493441795,0,-1.73674486484576,0.511082463772368,-5.22356604402661
-0.970257660731289,1.0830523602207,1,1.19179416662688,-0.280776647069133,-3.522765191941
-0.0223537918639796,-1.82573627855806,1,-0.0364660162943795,2.39413007594375,-13.2011605230451
-0.498226564093823,0.370654943723707,1,0.572292484291732,-0.312760874377085,1.6124367175195
0.322227808654596,0.48021396327884,1,-0.344235934825992,0.131596950508955,1.45489253207867
1.04508451290089,2.42133358728364,0,-1.96301769322927,-0.0224304374215919,3.59308750195793
-0.289454355957555,-0.576096598886677,0,-2.0914938916812,-1.57797131730314,-0.818079989098574
1.30574752780493,0.351328815668467,1,1.03035355136694,-1.05339403808055,2.3771431372331
-1.96075232862892,1.16275524289308,1,1.36722557276908,0.947597338708867,2.33396299083416
0.141397082508499,0.330619906134571,1,2.16985600312296,-2.96634349884832,-0.0117994055057999
-1.95575276978767,-2.11525507405731,0,-0.934461477258902,0.19048142260313,-22.286242288855
-1.45255230474996,0.339829457577585,1,0.663456165611328,2.2868572534749,2.94640728382797
0.869726725291199,-0.749687884598758,0,-0.706599407193792,-1.39990441313443,-3.23123135432949
0.32625860426186,0.31849480139837,1,0.818707963064078,0.164697939444048,1.49754014653686
0.165295712235066,-1.04386352478965,1,0.757412280050947,-1.60954999230463,-1.92564276741662
0.949188573342148,0.150211978434721,0,-0.958582766283317,-0.000434175278620441,-0.458323316869322
-1.59389843515262,-0.795174086514265,1,2.93758437321225,-0.966553239151989,-0.726310531592147
0.208412916061204,-0.613015247811908,1,2.53975060211422,0.0595150936501467,-2.60646824167571
-1.70363828254355,1.5990839442691,0,-0.557069954952095,0.235118801819089,1.10996907456167
1.29831527898006,0.387822715350685,1,3.77617147375318,-0.405768206468047,1.93817694599811
-0.328219882109845,-1.39596479156827,1,1.6404746706229,0.557149098240067,-5.90512490126522
2.16241907386468,-0.0870227974266576,1,0.801567076422503,-1.4056355333559,0.348056819616074
0.917585822851696,-1.04216115966905,1,2.18308108836426,0.725520040216222,-0.942307796793582
0.274937961099828,0.0367723461181802,1,0.932252656813714,-0.967423094903566,2.83918417840582
0.13123629031354,-0.168402217453026,0,-0.39736258607857,1.37836734366788,-1.61816722757316
0.714632539743081,-0.510679525525978,1,1.49240912713196,0.0219154466789785,0.606188511644586
0.0610625216638053,1.24934655372131,1,1.01519315356445,1.35853133047586,1.34337221316839
-0.452165553449974,-0.94661143725908,1,1.41589923711357,0.0149952426210861,-1.73755495609725
1.44967843742847,-0.0133196035172297,1,1.54331358990967,-1.02484544405545,1.29679156820174
-1.06760655511562,0.705736738054998,0,-1.52796854241975,1.36050639200303,-0.976831425877674
0.622577914953828,-0.827656722780505,1,-0.325489481631863,-1.24978046684482,-2.75235227228828
0.751681130185613,0.500876144109882,0,-2.53236731820096,0.148719720427019,-2.27407781547819
-0.81239395370523,2.59780736987372,1,1.62670660166138,1.17200088574828,6.3248108090372
0.301712848816773,-0.904543315396661,1,0.732930612974794,0.135845724710922,-3.78981277905465
2.79232869672754,-1.3070931595002,0,-2.15845292458256,-1.13814871646683,-6.6826737090411
-0.539135853126408,-1.54697510430855,1,-0.921642581561922,0.529447669504364,-8.01704844330745
0.593077194887712,-0.224863685506541,0,0.278771143389092,0.443884593751475,0.900886731835947
-0.292796434247661,0.83383033814126,0,-0.798235164126192,2.17379198895271,0.748778594931833
-0.348124886382037,-1.2310877747994,1,2.18680313717471,-0.58627262186327,-5.41144436672329
-2.16106188455019,1.5974636913456,1,0.659239271480829,-0.249236792250088,-0.348439756249608
0.943510818361264,-0.373982248768468,0,-0.608688465915792,-1.45696133727039,-1.29846827746098
1.24536094293608,0.245355041063672,1,0.963870185044234,-0.0132648968638387,3.18355186257379
0.142003884404803,-0.317620154611295,1,1.1042616909719,-0.634720112766448,2.28146578821529
-0.890629921508019,-0.0114384477474072,1,-0.178810348735299,2.76041673863998,2.56256880990162
-0.571119072177222,-0.252032337214074,1,-0.00383415963490208,1.64900658421445,-0.896782918966105
1.87071329994858,-0.592381924623417,0,-1.12838256235629,-1.73967632543225,-3.21520319338883
-1.00083847795329,-0.544658479989048,1,2.0574258856089,-0.498437236511629,-0.9744940503583
0.405769107629844,-0.627382506441292,0,-1.39473305015225,-0.318819162827977,-5.9722329044465
-0.010096892638674,-2.21538601534103,0,-2.81667901791072,-0.502947349423912,-26.5779282423627
-0.989670694116645,-1.16740663885173,1,1.80823935667784,1.76831584032945,-3.79174694440048
1.6086254677714,0.52835656892727,1,1.45594027340576,-0.0588445417234211,1.3179343523471
0.816514386122142,-1.83861807180962,0,-2.7712211330173,1.45245413542124,-16.2157890731701
-0.839492338057388,-0.164101527210607,1,1.80507998457508,-0.257971573125916,2.59124773779133
-0.8047648057747,1.5410614553217,0,1.8497815345671,0.710785589077033,-1.97359186148549
-1.82367063894121,0.96813080740741,0,-1.21560870642284,1.98357353865193,0.497147529535027
1.11301732397915,-1.28239217616452,1,0.392219761766323,0.0816069361098655,-7.87731319592277
1.08898114384002,0.199898021851307,1,0.27352061683683,1.63192883746626,3.15825123918668
1.14340026107499,-0.918033073473009,1,-0.0402278801989497,-0.85626724511374,-2.86744645097186
-0.427874302225348,0.968713582563787,0,0.561772966106296,2.54461789273412,-0.0410175569311247
-1.25196014440559,1.34962838095149,1,0.453799674243357,0.654686317267052,1.78435068403157
0.536290341519848,-1.38353297892074,1,2.19710010095546,1.25301215291712,-4.55870391426664
-0.783463799165855,-0.433946290718014,0,-2.56464454650322,-0.800336092473598,1.50306786814474
-0.113230048494102,0.592186525890736,0,1.64254427876563,-0.564804427396242,-0.676433102131497
0.825657715089406,-0.812621750918214,1,0.2191151449035,-1.67397714895407,-0.580943106052186
-0.0370399824518207,-2.6046745279062,1,2.70342862197124,0.545830781635127,-32.6386317074997
0.183184576655826,0.953931213880352,1,2.11086477088131,-1.39248054285142,0.670060977035201
-0.44488605752394,0.913281941252603,0,-0.926451619302301,0.441013175680859,0.100741764466013
-0.679462839641659,-1.19704849853804,1,0.559810651634112,-0.447140006456768,-0.675397772856821
-0.234199464384104,-1.72856132950738,0,-0.889877970299001,-0.75417560715379,-12.9509144967271
0.506672387909498,0.34888846931575,0,-1.04326616150949,-0.419050774637229,-0.523148237307239
1.02772149826925,0.992275703247507,0,-0.480655767973785,-0.69901234484333,-1.58989901666794
-0.396458901957513,-1.15876118724273,1,1.63020225272295,0.715995426593834,-3.93168251031487
0.43689754218017,0.187989971698271,0,0.745661982369974,-0.12091708982014,1.86206665913676
-0.385202861754894,-0.81719228789664,1,3.06760942819986,0.572948030046831,-1.25526491984827
-1.16837095412883,0.739087617303797,1,0.663255271730805,1.78195608855746,4.14687273924276
0.7162001113913,1.68585656161572,1,-0.250645666827234,0.573167783367274,0.406727285404066
0.414690682298131,0.415190403026659,1,2.35611721220637,0.193103943667183,1.94195289994236
0.2751188057669,0.903434772147084,1,3.36310599958467,-2.10642215648389,2.14769880353386
-0.692571396428792,0.37911372723249,0,-0.858053121702149,0.249473800559759,0.350102260779167
-0.800938981303398,1.29551536021948,1,0.512361778063954,-0.101663902202894,2.92755062976235
1.78720701321934,-0.126925638787167,1,0.71141476496403,0.267307971915795,-1.07133690235842
1.91852079247828,1.23803463465345,1,1.58149658866639,0.33707816547233,2.55105520578399
-1.51967936336657,-0.658238271555098,0,-1.96270284995544,0.0887290291004315,-0.584545202138714
0.0971207650789977,0.0242619644715612,0,-1.54547037737602,-0.757204540454654,-0.779536776863256
-0.0756594752407381,0.369505639603551,1,0.775824128351005,-0.727310443468089,0.325817002650527
0.650355249932745,-0.680234242687834,0,-1.79918050813836,1.04246004716282,0.837151524579576
-0.613049834404718,-0.279594425619954,0,-0.817456771612437,-0.587739629993907,0.648120109163248
-1.04023156970027,1.45924608573913,1,0.677879687011263,0.77137144596334,0.773435183217797
1.24858399608977,-0.26092397426603,1,-0.0900223328484693,0.0371373271971308,0.81889948200391
0.233499125744876,-0.932964704946731,0,0.220838564190887,-0.118863078401336,-1.95001332321312
0.335654029222163,-0.571769426237762,1,0.693705686581215,1.16366051545335,0.968946723044139
-2.30352888473114,1.7179532802054,1,2.80065530662597,1.52928150210848,3.94025794962637
1.9199137105921,-0.915118452279976,1,-0.883675977108385,-0.352720776700114,0.557133068350975
-0.122290493796107,0.0206385901261822,1,2.99539332193561,-0.604317153639998,3.08563585381054
1.15593784199578,0.905428188495058,1,1.75999711850367,0.360413010880874,0.980557096041107
-1.33775918650077,-0.432511117849647,1,0.269895090894457,1.69918126868382,0.243465632516905
-0.357485190724282,0.401705938908701,1,0.267064842036414,-0.462690313714331,0.818347776391973
1.31284439903036,-1.69006705470393,0,-2.7540319294596,-1.80273296728638,-10.1517914332976
-1.70783777124514,0.0934254530088042,1,1.49349796600979,1.57946420903146,1.69099852888687
1.87397795173481,1.35504863900683,0,0.699466626059839,-1.71920337369473,2.20239263791524
0.409376992515687,0.851954518363872,0,-0.444787968207776,0.885978064571244,1.16510341458123
-0.293540882234312,0.550835941109735,0,-1.83052404179496,0.477694257136525,-1.30100447496845
0.360655885575772,1.88905202560848,1,1.11919664737946,-0.306513718241686,4.27194345017774
0.480492846735313,-0.879075883440595,0,-1.3049472205658,0.512441290816431,-2.54105978057435
-1.94557051650668,0.820075811476,0,-2.83826807277813,2.02262030012557,-0.0545381826525847
0.82501606323584,-1.07279138589075,0,-1.87141486972742,-1.00344202821718,-3.66986025291696
0.466737808671368,-1.66586072939318,1,1.16923297470864,0.911668032397722,-14.558204854912
1.63487341887493,0.0370886561014328,1,0.752065328883836,-1.76002596621996,0.713164563399642
-0.18113893222824,-1.48789360491311,1,0.895443823688175,0.902245981621361,-6.84323416198825
-0.23247516957319,0.836360059153356,1,0.523302983690499,-1.27119446525067,1.66172892447974
0.414761897822014,-0.739222905306601,1,-0.295501201348818,0.418664907612612,-1.35107218758855
-0.686195200695138,-0.559427711363375,0,-0.526184668376648,1.24722690375133,-1.53190992784911
-0.469495735137459,0.864343723279242,1,-0.014238727993086,-0.650936966368056,2.45320951861344
1.83253908194159,1.67329719733313,0,-1.11917302320822,-1.55173778684946,-1.40263704937619
-1.67620006975515,-0.764220331944274,1,2.01008959531598,1.39922332662254,-2.69232672556872
-0.352611612005367,0.68914004052952,1,1.24324119917517,0.425743787971624,3.59137442698471
-0.924945700857441,-0.344923144291464,1,-0.075364319196058,-0.629428455817759,1.06294561294062
-0.0803902111503373,-0.96783602349568,1,1.30152532117056,-0.393756172732763,-3.41916004841537
-0.631039963664251,-0.212828850707655,1,1.57285280481283,0.578622715264968,0.516796378986674
-1.5038086231866,-0.676747397134493,0,0.11473351944821,1.32661433702944,-3.78549693007916
-0.518699102846964,-1.43258537084088,1,-0.692505831655502,-0.0388503581075843,-6.89791747440851
1.78213313417206,-1.03191465499846,0,-0.0289440914218896,0.377721762371157,-6.22614915782624
0.0367654898995994,-0.74598601162041,1,0.469149624974052,0.562509676397084,-3.01092404749949
-0.571759486747763,-0.135351002400766,0,-0.631589299869557,0.838390472647646,-0.321134556856631
0.43631403976701,1.05288324473319,1,-0.0149568665358619,-0.148536926612232,1.34218506374899
-1.62371946629373,-1.33202570557986,1,1.30011625572318,-0.242798503436259,-4.75112282213736
0.10217600741691,-0.141970749765009,1,1.32778789939015,-0.819929204934108,2.61857430249238
-0.229319473191662,-1.59517473264733,0,-0.781811705432748,0.883239120720398,-12.9961732829928
-0.805325776654296,0.823982106769316,0,-1.75371281560344,2.03198827843489,-0.472034555498579
-0.0685793374647103,1.26063717724728,0,-1.87398586720943,-0.148978778736923,-4.61560508055195
-1.40949636963415,0.404146336540226,0,-0.854019781262469,-0.347622642852458,-0.551347125107791
-1.52034393921658,-1.03415350718429,1,2.2363980062451,2.25081378706475,-4.1004065877085
0.179766452429125,0.615570329442162,1,1.52633990104756,-1.11573203314673,4.66391487427776
2.21645147249498,-0.503308533279366,1,-0.512635946804627,-0.155150291704399,1.29288145510351
1.33633127406712,1.71164200291994,1,1.04624749014971,0.0307566029029652,2.9692520352694
0.958840332746562,0.570632658898401,0,-1.83330372989365,-1.5925935683814,0.109044734741474
-0.172005834378939,0.649735347793263,1,2.03631034786267,-2.73433804881598,2.25890556880628
0.31749187881366,0.704183269198134,1,1.11471627702667,-1.18035900939766,1.97374823007791
0.257421084587785,-0.448808951011661,1,1.41014398176506,-1.02915373357115,2.00713647727259
1.08136656565656,1.12661831526737,1,1.84279200092941,-0.577388425142956,4.4762052616449
0.174665107970489,0.208154201423586,1,1.33935230157469,0.800489063573694,-1.73234052351283
-1.15360937707346,0.87498920453522,1,0.405700889546508,1.02293605356653,3.01530826431235
-0.0973154050347719,-0.447372102896243,0,-2.83560036184461,-0.347238893768787,0.300869761544056
-0.977672463073199,-0.19118563277843,0,-3.15357038676629,0.147825190020623,1.46986659562142
0.943029621659171,1.42262155339715,0,-1.0063342723729,-1.41397970491299,0.685113635171641
-0.644654170447492,-0.401244927138818,0,0.180914898131268,0.751686346110006,-2.2982756412194
-0.346695825273518,0.898190362559722,1,0.27260081105077,1.08916154414531,0.541895427155713
1.32948150057736,0.475754716015622,0,0.272241458028416,-0.484607733764191,1.90464910597769
0.944825502987131,-0.795112504190029,1,2.09219119926309,-0.187494695228359,-0.720242156978037
-0.199612046406379,1.87986576503053,0,0.561982338576724,-0.889079590939734,0.645913153856595
-0.0945069239831877,0.797897438368484,1,2.54210907180155,0.926043829658683,3.99319588287441
-1.47597791226773,0.761871651224445,0,-1.12931624940019,1.75764783098835,-2.00891770661958
1.05023930963268,0.317130503107514,1,0.933290534258178,-1.59136800093368,0.690544082541455
0.467151442071837,1.06202427880009,0,-0.280089617251676,-1.98573383375562,-2.25369800103772
1.13230055763766,1.22815917500112,0,-2.15247577400957,1.48322731795692,-1.26601933828566
0.0954423328922848,0.295082876620269,1,0.771648719093931,1.52443752124182,2.80530510380016
0.610473032394538,-0.776699190595038,0,-1.34263042055926,-0.87108929847728,-3.18557684498088
0.970029931448259,0.868877679237807,1,-0.294972867201574,-0.0750509095940813,4.31285661211433
-2.96106473215313,0.534423082474457,1,0.848977474222288,1.42862330863333,0.149004291246184
0.775974592910362,-0.269235270522917,1,-0.427733920928452,1.44572843971464,3.03097814790006
0.877476678531603,0.451121478174698,0,-0.892680733452078,-3.1290534974375,0.952457578519813
-0.279634474821014,0.574936509378702,1,2.47829540865589,0.142310353432979,1.57279703220603
0.419211354533096,-0.950458746342441,0,-0.816343572924786,-0.169388716552982,-4.03632216441882
0.244594687922061,0.178397967596286,0,-0.758921489920792,0.145968936656988,0.879389640239855
-0.850634170089945,-0.153577780391637,1,1.8405190312719,1.02117492308093,1.60329654708905
0.65600823333791,0.693415911355634,1,1.92331680231806,-1.34350568730704,-0.00631249302152126
-0.649616210900848,-0.667564077869723,1,0.747888241999005,-0.623512009150304,0.710254657479138
0.897050749556943,1.98607146495087,1,0.0403578388662096,0.155490542187992,3.20716638786653
0.302870281446057,-0.123277091523294,1,0.778148088767191,1.53928405000983,1.69292162773652
-0.865407564730948,0.141869433858061,1,0.927444228340917,2.2238292191835,1.14363984150566
1.23113166792957,0.125269433981404,0,0.729175245354329,-0.859321031192405,-0.717830975016733
-0.508281615984633,2.1100716523485,1,0.506179625549935,0.64037553654809,3.55050979167606
0.194221184467319,0.0427055959527486,0,-1.88821093182234,-0.0705360528088638,-0.158680478116963
0.498555062340788,-0.40449110056771,1,1.72397863034681,0.205666054872844,3.39492512837973
0.812293118052547,0.420173395702842,1,1.14097121272994,-0.0464512867027199,4.11685097582172
0.194814837365014,-0.559849591258285,0,0.774199936150342,0.175011367199206,-2.89747745114809
0.520689707270541,0.375244418546153,1,1.65146531725214,0.274437975231087,-0.747893387692816
-1.12818879249706,-1.46305223691893,0,-0.813595555699927,-0.206535682485758,-8.24127681799606
-0.885128691345613,-0.758108860693626,1,0.966620672540115,0.557293577630144,0.385632936937901
-2.03782427525242,-0.573401862121758,1,2.32506476460165,0.664103480770464,2.73066016823317
1.3555530009167,-0.569276876893621,0,0.000847046010985952,0.197307367838095,-2.69367766630606
0.173931379700373,0.636998165893041,1,1.21941480644295,0.485792336961204,1.20330264124843
0.911386886696046,-0.473178538805483,0,-2.68762233121433,-0.553738589403005,-2.95794992712151
0.783139098324189,0.986064367812606,1,-0.570074148492896,0.0165026276172117,2.2559342532366
0.788011704671636,-0.381003601488263,0,0.171712210893137,0.410334494129313,0.127977178246532
-0.157440297066046,0.100179434269373,1,-1.68993070932971,-0.29927685618021,0.307924587624966
-0.18930502501784,-0.622361452813379,1,1.64467890500358,-0.154392926970559,-0.16338907234804
0.695068984447626,-1.21787117904981,1,1.37610450264129,-1.52160381478945,-5.19982923723562
-0.790755186923445,-0.583324378567057,0,-0.923134893776447,-1.84080344464879,-1.64635060622155
-1.24412412765993,0.616063804871212,1,0.539722766423024,-0.383554548562033,1.09652739891805
1.89227077265947,0.087435080889622,1,0.469417048509014,0.159741230917644,2.84759274910333
0.807195440853112,-0.838209065101444,1,0.149948678799839,-2.13900298784611,-1.56330937401996
-0.498957549769327,-1.40232450564244,1,0.314449097076502,-0.646409811470378,-3.5762092656371
-1.35191892897963,1.1691251565297,0,0.915596041388374,0.50256811924001,0.31095792592782
-0.187578469326163,-0.453141614521669,1,-0.183501813036044,-0.726541901627303,0.386608161100583
-0.760634745218555,-1.02880698288069,1,1.73347950302996,0.698608145324582,-3.75722262792258
1.49975915860462,0.52268413017905,1,-0.404352319854293,0.310558997987622,1.22282687136914
-0.129244796123985,-0.206623777115926,0,-0.375561777276548,-0.417297115382012,-0.669176624460357
-0.65193151356887,0.01164157151437,1,-0.349887620692287,1.62011322616859,3.28482363898227
-1.25587829100316,0.0941099155368382,1,1.434473401463,-0.509410273170554,0.596538284516308
-0.207195610950282,-1.5911292823165,1,1.63181239452339,-1.71766452464458,-8.76119123449463
-0.810691101040388,-0.925686840219455,1,-0.0908988118962153,-0.145880446514799,-1.26081564109013
-0.158900151357284,-1.39376651230071,1,1.31916574233454,0.668724307572064,-5.71506464170917
0.0774519298876138,0.231813408095785,1,0.544893566191668,-0.142329202238428,-0.0469073072175248
-1.53155118257875,1.10133093182018,0,0.0270205738331908,0.780387606451676,0.103102944922409
0.0395235308601132,-1.20671711761116,1,2.42739322877071,1.02280970623201,-6.48943115901464
0.496912005290957,-0.155934699890515,0,0.0705586433550403,-0.160603310037857,-0.434272933365645
1.30122905344513,-0.643788842797964,1,1.09997857958006,-0.206435993080051,-0.265579642533631
-0.212131201271358,0.121824278009004,0,-1.08700990455945,0.513266562771572,0.17678270718158
1.19517089724816,-0.323870397353933,0,-2.1918501104356,-0.288149913235799,1.3339620522249
2.22141276935139,-1.22817617121638,1,0.524616204404847,-0.725700325734876,-4.07168168565427
0.803017308302745,0.246895421555753,0,-0.328550922851955,-2.19917346816083,0.776486005359976
-0.170411983653574,-2.09132230871068,1,1.36045828428867,-0.778056169741087,-20.416725060832
0.156240570103548,0.620882930952139,1,0.42182917129951,0.466886058792626,1.05945895994524
0.652633549046587,0.20179190592384,1,2.66106917744442,-0.722797343994396,4.127538853233
-1.0593708506786,0.505835283116031,0,-2.23698391308836,0.316650167438653,-1.39902608250798
-1.39081499057756,-0.274635010278779,1,1.25880007946556,1.12897692679927,1.56805988635736
-0.349221726107863,-0.809924876163141,0,0.625925071231398,-0.0218489549656936,-2.2096932752902
0.182687547044991,1.00895674287474,0,-2.1524361149737,-0.530428246468064,5.4032363327001
0.825298467440446,0.27809594638578,1,0.773247255966683,-0.926991288337634,4.23828022434708
0.749924461459261,0.357484620551754,0,-0.120610226079529,1.28810201376508,-1.76431238547643
0.368148344456482,-0.647885124824525,1,0.698685814012958,-2.21061810635877,-1.63562377913927
-0.368545884555545,0.479081360372583,0,-2.50659069497013,-1.61358086889771,-0.271793582093198
1.11125385580614,2.11608315538416,0,-0.249801930809623,-1.02406890469307,3.88939965751279
1.17163511364893,-1.68963682450455,0,-0.613066133205516,-0.102800692568944,-11.1559839062626
-0.44334487809601,-1.38692900148762,0,-1.0512166049619,-0.593622806997556,-9.18166422814314
0.125960248662437,-1.18693146532942,1,1.54946649515272,1.36443060777676,-0.299852810617898
0.125714966755165,0.580832738066482,1,1.73803481270304,-0.462964394469149,2.97456638422153
0.299037846037821,1.09586035314186,0,-1.25037549266051,-0.801011483803639,1.86456887391672
-0.686766865154681,1.44786615618256,1,2.47579697224792,0.683769127127877,3.29622946124648
0.111203166641446,1.62836097490102,1,1.77580243258532,-1.08625289152276,1.66876753972994
0.505224917705528,0.590658290174237,0,-2.13924849001092,-2.3254347404185,1.71556548278873
-0.56118269883655,-0.484262183813194,0,-1.59554369208512,1.14005807928669,0.677889180386793
-0.365781765949158,0.572162106238918,0,-0.645589348402255,-0.822756252509107,0.294388287645423
0.444519972875598,0.416489318373252,1,0.0256085573228363,0.338693940898774,2.60117609239074
0.719386449011738,1.66856407616966,0,1.53692256899193,-0.327931474200649,0.00478818494291733
-0.218652660526477,-1.03935009099124,0,-1.13231435554763,-0.686897661832995,-8.0799556384884
0.302528802020596,2.25421097047294,1,2.45287215176769,1.5319786310377,2.92338754040468
-0.500419394710607,0.58987782954698,0,-1.47539450679514,1.40544161465541,-0.0426908445761955
0.61750458451596,0.98075597442134,1,0.687895425973446,-0.437030083214435,2.04061021833968
0.632387659871558,1.69054621411527,1,2.34188556274101,1.16394875271675,1.68217914393635
-0.236748961940267,-1.18291021141227,1,-0.246934692003074,-0.374852343555007,-4.21720073566298
-0.465975547040684,0.236026318295373,1,0.703077531737895,-0.805158794614915,2.5991427016026
-0.251329437914545,0.422405315848754,0,-1.76989400887089,0.511427147757534,-2.81097197543809
0.399184339225235,-1.16624148000879,1,0.947288675492648,-1.52354272421507,-5.01641304131636
1.53630552023532,0.76227639415819,0,-0.233267760908092,-0.305496122900286,1.78507777438015
0.86256326412567,-0.0186923577893537,1,0.677383372340007,-0.297887540666015,2.7026242762585
0.145542265907079,-1.81594289763618,0,-0.35251660061967,-1.25010213720687,-12.5313099744823
-0.275091881087883,0.633178686149282,1,1.52759786155093,-0.0932881354056433,-1.69090066700458
0.953680950812092,-1.32121532001416,1,1.07720653820397,0.0997787051904203,-6.26614714542877
-0.794413484903946,-1.15914145879713,1,1.135560916803,-0.517520048062244,-2.7163472014229
-0.258040200977218,1.23539057169715,1,1.72134613419612,-1.65400111063648,3.31868749679695
-1.37052517382361,-1.00035656887488,0,-1.71539477135367,0.645577848316366,-1.4113835512789
-0.697130661033799,0.542955078204353,1,0.527608180874008,-0.534506957291774,0.6312802814199
-0.0818083725474008,0.371457716889598,1,0.863531863440972,0.689473818157288,1.83561585761614
-1.31485078661214,-0.388276492031283,1,0.831657684686251,0.111888102806319,1.23143526484975
1.05600248208103,1.88811514903311,1,1.68472044661911,-0.0572871916151774,2.48139705071662
0.166389903703142,0.899260319284674,1,-0.189352167250667,-0.107018768314507,0.568520991779272
-0.15212153824045,0.0981911848108399,0,0.0325806954784078,-0.360182782623299,-1.48382243667273
1.23376581284353,-0.152249872606622,1,1.6672042421029,-1.47341816924183,0.886834384120383
-0.977550670182523,-0.435779643333114,1,-0.119632890954573,2.17457913750695,1.4022959518996
0.461345252958871,0.574011695238906,1,-0.0420362746470673,-1.33399748192557,3.21714292463489
1.1318639368627,-0.599622070104494,1,1.05165909037268,-1.66373978325077,-0.303816087787197
-0.181342902588672,1.3560281779083,1,0.596089922699995,0.984438097110793,3.05616416210571
-0.0825078659483005,0.654041530901749,0,-0.751129304419805,-0.138255653252027,-0.789823225004362
1.01155412290603,0.335689258855006,1,-0.00827564588037455,-0.701868026794797,3.31619036904342
-0.419953770301532,1.78654480534892,1,0.580757910894156,1.02983330575378,3.90657730756288
-0.401119038394339,0.0964701124751662,0,0.34959204653087,-0.208915995650932,-2.09943671120542
0.251076355790122,-0.0299674115826113,1,0.811933524960529,0.832624645965699,0.36959983058975
-0.0578374098483177,-0.74904231101492,0,-1.46422349374907,1.23716527796284,-4.89817787594301
-0.49436451057768,2.60882398371814,1,0.641059106656121,-0.134155804581326,8.15805048109249
0.122742573647781,0.621628444184068,1,2.82744221582232,1.48231198338985,4.70761069015168
0.826096684347231,1.6348490554012,1,1.68940915059138,-1.92988674052497,1.14655681095168
-1.84893506554546,0.975545536259058,0,-1.4546235023335,0.840745732706094,0.765025202799247
-0.876738742657151,-0.411919200758403,1,1.63282708636904,0.883537247324138,-1.46357840191731
0.783064816113647,1.07038762621527,0,-0.909068826974164,-2.62005544348529,-1.08525371422096
-1.49161982707149,-0.986546408394671,1,2.81397075663922,0.0307618649759475,-2.89819134427932
-1.34802576558161,-2.97630404197714,1,1.19084736217072,-0.063619079225648,-43.129504674799
-1.53609241083364,-0.104878832774717,0,-3.3907253323426,0.770155512073309,0.0184194947516331
-0.746720990235057,0.56262961833332,0,-0.426844005377058,1.39397793743134,1.53250318888034
-1.17911118831263,-0.120552964957269,1,1.05588066563138,-0.134154003272335,2.94410179356366
1.32436342412151,-1.1527305242621,1,1.56738137483196,-0.887250813038421,-2.43130088820304
0.137156485486886,-1.34638290866939,1,0.126996440221066,1.04831320889212,-5.35455327466111
2.95220629532635,-0.899348534914972,1,2.83645575454436,-3.08106037554647,-1.2287769332875
0.319363221850266,-0.110572612057221,1,-0.0773188656544836,0.479748024447648,0.491695828067193
0.343724605345592,0.280817760374388,1,1.75093941365054,-1.27439167890982,1.6727059212477
-0.115945434477075,-0.651113294695626,1,2.57567798055525,-0.769614171470595,2.03069342317438
1.642715344644,-0.349372511881497,1,-0.429392826144638,-2.34649807092423,1.2213432823874
-1.35349404811882,-1.86103354140925,1,1.42028398440233,-0.351117117004936,-14.7293907975833
1.93500842598673,1.22545851982615,1,1.33791926023831,-1.27658565446616,1.16680474729325
-0.718223117116754,-1.59559031845103,1,1.38457089850077,1.25399149644976,-9.21499797340602
1.04253956217447,-0.483715722076264,1,-0.0342683486082929,-0.161652908734715,0.194506892231277
-0.128924573775897,-0.387184052617756,0,-2.25918551356271,0.407770239125143,2.50166414697201
-1.0055302843931,0.0777244681573875,1,1.85154715480088,0.185942720206857,1.64358344020514
0.26816292969665,1.19424218223969,0,-3.0942585868042,-0.0843248263539054,-1.70328821082965
-0.885800267253164,-1.55389412176384,0,-1.07304658504988,-1.73188559295091,-8.38322536002056
-2.18528781424392,-0.509717292321173,0,-0.583086462246143,3.15357617116037,-1.07083572984679
2.31387896504298,0.519261210294099,1,2.33342348446795,-1.41288823529278,1.01363195792046
-0.279104144746884,1.16780389390037,0,-2.70665657997826,-1.05081867717418,1.85666840084041
1.66842471262203,-0.330276667962245,1,-0.386171619989553,-1.07213672203914,4.82789500603087
0.542399627623165,0.740665176444529,0,-2.4386074357983,1.00278471802919,-1.93485473999352
-0.979867902166158,-0.742902579020713,0,-1.61546983821805,-2.43677444167645,-3.71766481772691
0.16600890570332,1.03992116257061,0,-2.45522032002884,-0.945804034041086,-3.48203844452043
-0.183482783813547,0.796246011328074,1,1.29626965846959,-1.01349746302269,1.37796146240781
-0.192291688541747,1.15578076485286,0,-0.931054999086398,-1.62648052682872,-0.28337783452824
-0.0333075489319479,0.646372594127873,1,0.632784123877649,-0.878704371229639,1.87529138159047
0.723472737759097,-0.650873893280734,1,0.831457405006221,-0.31693269425212,-0.20794044612136
0.399677677889855,-0.544912414694658,1,0.902168812168193,-1.18052983811576,2.88675513924865
0.624214655037297,-0.305191480196809,1,2.75971197231876,-0.368934301093057,1.50011501519115
0.336944308773181,-1.67777118627558,1,1.86665399162676,-1.82584793501683,-11.1724872571623
0.51868586451831,-0.517207852855433,1,0.625036343793028,0.269397456525666,0.285438411608257
1.59833906283779,-0.00250013247773193,1,1.49620380381976,-0.943590668761799,0.297192069685795
-0.494070388318125,0.387855813114211,1,0.790591505985909,-0.157312499931669,2.1248186871414
-0.861288386015702,1.18983464620462,0,0.432855208793799,0.850178589273586,-0.717013485593155
-0.0964968962286375,0.856281289121355,0,-2.44911091332389,-0.00183521106133779,4.59509668469008
0.74456728303154,-0.913184993318288,1,-0.835791412247842,-1.28160096596208,-3.89782402660608
-1.00476329952052,-1.27169343887019,1,0.054532270641409,0.152148014102006,-5.58257245452208
1.87566663270057,1.30688232158414,1,3.10639824031965,-0.605278725209936,-0.0112509164204437
1.56602251167523,-1.45219661773139,1,2.86316270848306,-2.1523185503945,-6.70930765914447
2.17960128066549,-0.37522941532244,1,0.890392563740476,-0.378780122665323,4.36934033571653
-0.737322308623355,0.398653563957993,0,-1.4707070306691,-1.77016700829983,1.05095701359549
-0.130105317221349,1.10070422278451,0,-0.449755364337567,-1.22193556159219,0.299495375116375
-0.646161311363957,-0.208920781715947,0,-2.6522967351698,-0.794648683789583,0.774641651768554
1.31107854563258,-2.22946534271569,0,-1.02887465458885,-0.666637175387824,-23.3284367834971
-0.361523942622648,-1.10191736336732,1,0.728095255493626,-1.26964970096509,-1.77087557004364
-0.592083589475231,0.144157674078487,0,-1.88060976090241,-1.11967684789482,1.27183617926011
0.00623418477013166,-0.857170913791401,1,1.01712999511924,1.31723192397188,-2.61452304074273
-0.0858549833265894,-1.78023428694986,1,-0.54340142138666,-1.70517484984502,-13.0961712610103
-0.634472697535769,-0.253314021394846,0,-0.657322428104336,1.57496340696265,0.706933364214405
-1.26508272967953,-1.26279465411225,0,-3.0664055109424,0.0700210009074514,-8.0609971914178
3.77241970721851,-1.83876624660523,0,0.332614295720454,-2.28928399787747,-14.8791268771714
-0.584541088484155,1.35741983577711,1,0.96447175539483,0.210889366704728,2.47833930506599
-0.97764901052488,-0.217828616279671,0,-2.74296660399879,-0.280652170206045,1.20012995647226
0.0378411612315808,-0.479357042561396,0,-0.54147251113287,-0.95848749172252,2.68021575921469
-0.576047301571358,1.00955595149115,0,-0.101488620733931,-0.343012946146242,-2.43893612080049
-2.23903137200304,1.6420017753379,1,3.70437410482683,1.56534950446962,1.5080499320056
2.16606282190203,0.870177950886307,0,-1.2632513591648,-1.15659150425351,0.404724748512785
2.02900707698942,0.53062004115857,1,1.03922700998412,-1.32568153516643,1.52295151902751
-0.0773539453952895,-0.479554097569773,0,0.185142518707007,0.155318724584034,-1.25560235257414
0.6594823721419,-0.288478526607267,0,-1.38646901376824,1.25146374472081,-0.655426894036095
1.24153540200267,-2.89035952032666,0,-1.38644168562566,-0.0219980548590089,-42.055321727616
-2.14593641692349,-0.619530455785258,1,1.15260148550668,-0.142584694505573,-0.49805958218734
2.11010552297551,-0.422515945986296,1,-0.844553510478454,-1.46639156886049,-0.0726313858899573
-1.10976536084566,0.459001883768077,1,3.0682074542628,0.508303655443185,-1.36167202094437
0.55045971232458,-0.072844390557719,1,1.98776204090522,-1.0886486375897,1.74536168075929
0.456440631438806,-0.0571430954147189,0,-1.94716240162712,-1.86535894677662,-3.1586079310008
1.05991649069779,0.802374706448926,1,-0.918524392539016,-1.08727698407229,3.33965473398717
-1.02337042553969,0.761637708311362,1,-0.19937579076271,1.38714761181995,0.201407629898816
1.22735566155115,0.426555788046758,1,1.74657296740476,-1.29929799010753,1.13298385093788
-1.02727717937689,1.52257500238338,1,0.579877969731254,0.077226169274704,3.11673928245901
0.932681695190757,-0.332099547798871,0,-0.266992600679153,-0.544323667826847,-1.64912222945529
-1.54804461819849,0.960381721781726,1,0.208638555306496,-0.259928135079367,-0.678704939806949
-0.765502836965591,0.690321171704094,0,1.17704063691442,-0.595751450278076,2.56428414903873
-2.37294773545205,0.00492617887651295,1,1.15601390372963,0.601165475458316,1.94054949704734
-0.710081948778724,0.197229319024824,1,1.1032261059221,1.87637595456656,2.81890724953147
-0.534077261035703,-1.76851325213386,1,1.31061028045853,2.26356006002491,-14.2518167699018
-1.54488017457059,0.146850115163109,1,1.13305307344822,0.644443996589364,0.372084890963823
-0.232178412556809,0.0704644745512867,1,2.73782657939281,-1.95890361318522,-1.00235042916098
-0.0235852690647681,0.544388866973554,0,-1.31798825552907,-0.997034211247363,-1.79822123106485
0.605202391037125,-1.20188484939325,1,0.537609688388051,-0.415529681953351,-3.63535275111396
-0.569097608968122,-0.603796355622773,0,-0.299036477843811,2.20735406929751,-3.741933068577
-0.382154871589976,-0.537056715033037,0,-0.103484352439917,0.481805693292946,-0.927772473265972
0.23854371564716,-0.680521350845864,1,2.45477059522192,-0.502606649160994,-0.930451015739358
1.13739782954545,-0.0861966891548016,1,0.134644815231963,-1.36170390139347,1.61820060695137
0.224830736952317,0.611880609733543,1,0.323666900925098,-0.617391230092464,1.19510827789431
-0.131659832351833,0.369806012523556,0,-0.483730355088,3.05118467297775,-1.59670403450116
2.28913843895086,-0.158017150872049,1,-0.124419501419499,-3.74753824088812,2.21233999879738
0.293577649418706,1.01681900301476,0,-0.330091254317926,-0.790679082621017,-3.7090968777827
0.975670856922615,0.452526530582128,0,-1.32769250121325,-0.292151394638957,-3.25925592158168
-0.412539097923581,0.203333147005598,1,0.663543390199994,-0.430863008716761,2.70374153500522
-0.201712799459278,0.968570183309793,1,-0.345197398510162,1.38418902695747,-0.63986152052179
0.275053464943276,0.425907700078392,1,1.47683641769187,-0.496383473906137,1.40912044853514
1.59332566451661,-0.784755843030003,0,-1.57071116602638,-1.46243303262441,-1.90565692868162
1.40580843836514,0.772472740425834,1,0.234670507834542,-1.8876446104345,4.21272027551788
-1.07970717843197,0.176146564553175,0,-0.897497093019594,0.630881089775075,0.522053761293045
0.550541084552147,-2.28081958766184,1,-0.0817399710069726,-1.23754093753673,-26.3907063976799
1.97592850475574,0.777849814895484,0,-1.22031114050675,0.147235893937443,-0.558157312486695
-0.00737069752946543,-0.650422612498234,1,2.77909361928469,-0.523424341228782,0.143616976800061
0.553601163005506,1.70350233008111,1,0.787444701323773,-1.05166497135511,1.88190454415168
